ticker,name,sector,country,currency,slippage_bps,local_id,delisting_date,med_turnover
1N8.DE,"ADYEN N.V.         EO-,01",Banking & Finance,Netherlands,EUR,19,A2JNF4,,182980.8063964844
1SXP.DE,SCHOTT PHARMA INH O.N.,Unknown,—,EUR,50,A3ENQ5,,1287684.6749505997
1U1.DE,1+1 AG  INH O.N.,Telecommunications,Germany,EUR,31,554550,,2098278.464115143
22UA.DE,BIONTECH SE SPON. ADRS 1,Biotech & Nanotech,Germany,EUR,22,A2PSR2,,5983933.915725708
2FE.DE,FERRARI N.V.,Vehicles,Netherlands,EUR,5,A2ACKK,,208263.33618164065
2GB.DE,2G ENERGY AG,Others,Germany,EUR,31,A0HL8N,,396194.80398750305
3CP.F,XIAOMI CORP. CL.B,Others,China,EUR,20,A2JNY1,,185645.4334511757
FOO.DE,"SALESFORCE.COM    DL-,001",Internet & Software,USA,EUR,8,A0B87V,,258972.95181274417
3V64.DE,VISA,Banking & Finance,USA,EUR,10,A0NC7B,,449903.82189941406
BY6.F,BYD,Elektrische Geräte,China,EUR,11,A0M4W9,,718804.0878276825
4S0.DE,"SERVICENOW INC.   DL-,001",Internet & Software,USA,EUR,9,A1JX4P,,138334.7993659973
4X0.DE,STEYR MOTORS AG,Unknown,—,EUR,50,A40TC4,,470375.9342193603
639.DE,SPOTIFY TECH. S.A.  EUR 1,Internet & Software,Luxembourg,EUR,12,A2JEGN,,418588.0
6MK.DE,MERCK & CO,Pharma & Cosmetics,USA,EUR,9,A0YD8Q,,103250.7746887207
6Z1.DE,"AIRBNB INC.     DL-,01",Hospitality and Tourism,USA,EUR,10,A2QG35,,114110.66062927246
8TRA.DE,TRATON SE   INH O.N.,Vehicles,Germany,EUR,47,TRAT0N,,1741898.1088027954
AAG.DE,AUMANN AG  INH O.N.,Machinery & Equipment,Germany,EUR,33,A2DAM0,,297062.67468452454
ABEC.F,"ALPHABET INC.CL.A DL-,001",Internet & Software,USA,EUR,5,A14Y6F,,142526.48448944092
ABR0.DE,Barrick Mining Corp.,Unknown,—,EUR,22,A417GQ,,1266693.973739624
ADE.DE,BITCOIN GROUP SE  O.N.,Investments & Holdings,Germany,EUR,50,A1TNV9,,601915.9094810486
ADS.DE,ADIDAS AG,Various commercial firms,Germany,EUR,40,A1EWWW,,108843706.97476196
ADV.DE,ADTRAN NETW.SE INH O.N.,Computer & Network,Germany,EUR,43,510300,,528144.4987626076
AG1.DE,AUTO1 GROUP SE  INH O.N.,Internet & Software,Germany,EUR,26,A2LQ88,,4529784.608692169
AIR.DE,Airbus SE,Aircraft & Space,Netherlands,EUR,26,938914,,23144870.01763916
AIXA.DE,AIXTRON SE NA O.N.,Electronics & Semiconductors,Germany,EUR,42,A0WMPJ,,11134589.846992493
ALV.DE,ALLIANZ AG VNA O.N.,Insurance,Germany,EUR,19,840400,,152508871.3256836
AMD.F,"ADVANCED MIC.DEV.  DL-,01",Electronics & Semiconductors,USA,EUR,8,863186,,155733.5
AMV0.DE,AUMOVIO SE NA O.N.,Unknown,—,EUR,45,AUM0V1,,6198725.375709534
AMZ.DE,"AMAZON.COM INC.    DL-,01",Internet & Software,USA,EUR,5,906866,,8172683.879142761
APC.SG,Apple Inc.,Computer & Network,USA,EUR,5,865985,,390407.92671203613
ASME.DE,"ASML HOLDING    EO -,09",Electronics & Semiconductors,Netherlands,EUR,15,A1J4U4,,1247670.641784668
AT1.DE,"AROUNDTOWN EO-,01",Real Estate,Luxembourg,EUR,50,A2DW8Z,,11132126.968774796
AXA.DE,"AXA S.A. INH.     EO 2,29",Insurance,France,EUR,13,855705,,468619.88176727295
B1C.F,"BAIDU A ADR DL-,000000625",Internet & Software,China,EUR,20,A0F5DE,,123668.39755249023
BAC.DE,"VERIZON COMM. INC. DL-,10",Telecommunications,USA,EUR,10,868402,,112544.91115951538
BAS.DE,BASF AG O.N.,Chemistry,Germany,EUR,21,BASF11,,107478122.0538063
BAYN.DE,BAYER AG O.N.,Chemistry,Germany,EUR,21,BAY001,,129394354.99608994
BC8.DE,BECHTLE AG O.N.,Internet & Software,Germany,EUR,32,515870,,7145410.621295929
BDT.DE,BERTRANDT AG O.N.,Vehicles,Germany,EUR,32,523280,,252721.7276763916
BEI.DE,BEIERSDORF AG O.N.,Pharma & Cosmetics,Germany,EUR,35,520000,,30019265.804626465
BFSA.DE,BEFESA S.A. ORD. O.N.,Others,Luxembourg,EUR,50,A2H5Z1,,1736429.7302017212
BMW.DE,BAY.MOTOREN WERKE AG ST,Vehicles,Germany,EUR,25,519000,,76103963.41226196
BMW3.DE,BAY.MOTOREN WERKE  VZO,Vehicles,Germany,EUR,33,519003,,3767347.029037475
BNR.DE,BRENNTAG SE NA O.N.,Others,Germany,EUR,27,A1DAHH,,15748967.06048584
BOSS.DE,HUGO BOSS AG NA O.N.,Textiles & Clothes,Germany,EUR,27,A1PHFF,,14532135.63546753
BRYN.F,BERKSHIRE HATHAWAY A DL 5,Investments & Holdings,USA,EUR,12,854075,,300831.0
BSL.DE,BASLER AG O.N.,Electronics & Semiconductors,Germany,EUR,50,510200,,269652.79026031494
BVB.DE,BORUSSIA DORTMUND,Others,Germany,EUR,50,549309,,877863.6331071854
CBK.DE,COMMERZBANK AG,Banking & Finance,Germany,EUR,35,CBK100,,57424112.84359264
CCC3.DE,"COCA-COLA CO. DL-,25",Alcohol & Tobacco,USA,EUR,6,850663,,443439.172164917
CEC.DE,CECONOMY AG  INH O.N.,Investments & Holdings,Germany,EUR,50,725750,,2126852.100037575
CHV.DE,CHEVRON,Oil & Gas,USA,EUR,10,852552,,158297.90632629397
CIS.DE,"CISCO SYSTEMS    DL-,001",Computer & Network,USA,EUR,11,878841,,264055.4880218506
CLIQ.DE,CLIQ DIGITAL AG  NA O.N.,Unknown,—,EUR,50,A35JS4,,124764.2673611641
COK.DE,CANCOM SE O.N.,Internet & Software,Germany,EUR,50,541910,,3030649.428009033
CON.DE,CONTINENTAL AG O.N.,Vehicles,Germany,EUR,19,543900,,36803513.11016464
DB1.DE,DEUTSCHE BOERSE NA O.N.,Banking & Finance,Germany,EUR,18,581005,,56832013.27965546
DBAN.DE,DT.BETEILIG.AG   NA O.N.,Investments & Holdings,Germany,EUR,32,A1TNUT,,347045.5790424347
DBK.DE,DEUTSCHE BANK AG NA O.N.,Banking & Finance,Germany,EUR,10,514000,,102100766.30705832
DEQ.DE,DEUTSCHE EUROSHOP NA O.N.,Real Estate,Germany,EUR,50,748020,,1193014.776878357
DEZ.DE,DEUTZ AG O.N.,Machinery & Equipment,Germany,EUR,46,630500,,2056203.4497470856
DHER.DE,DELIVERY HERO SE NA O.N.,Internet & Software,Germany,EUR,32,A2E4K4,,22278487.412994385
DHL.DE,DEUTSCHE POST AG NA O.N.,Transport,Germany,EUR,15,555200,,74872259.03256226
DMP.DE,DERMAPHARM HLDG INH O.N.,Pharma & Cosmetics,Germany,EUR,46,A2GS5D,,931655.0323638916
DOU.DE,DOUGLAS AG  NA O.N.,Unknown,—,EUR,50,BEAU1Y,,1164413.2158150673
DR0.DE,DT.ROHSTOFF AG NA O.N.,Resources,Germany,EUR,28,A0XYG7,,138584.096698761
DRW3.DE,DRAEGERWERK VZO O.N.,Healthcare & Medicine,Germany,EUR,46,555063,,949742.800354004
DRW8.DE,DRAEGERWERK ST.A.O.N.,Healthcare & Medicine,Germany,EUR,50,555060,,103206.42166900636
DTE.DE,DT.TELEKOM AG NA,Telecommunications,Germany,EUR,26,555750,,125303788.99211884
DTG.DE,DAIMLER TRUCK HLDG JGE NA,Vehicles,Germany,EUR,24,DTR0CK,,36734087.43739319
DUE.DE,DUERR AG O.N.,Machinery & Equipment,Germany,EUR,50,556520,,3687952.080562592
DWNI.DE,DEUTSCHE WOHNEN SE INH,Real Estate,Germany,EUR,50,A0HN5C,,10705943.22380066
DWS.DE,DWS GROUP GMBH+CO.KGAA ON,Banking & Finance,Germany,EUR,33,DWS100,,2117972.172641754
E0P.DE,ENPHASE ENERGY,Energy & Water,USA,EUR,20,A1JC82,,135863.994140625
EIN.DE,EINHELL GERMANY VZO O.N.,Unknown,—,EUR,50,A40ESU,,177366.45883369446
EKT.DE,ENERGIEKONTOR O.N.,Energy & Water,Germany,EUR,31,531350,,449866.8000526428
ELG.DE,ELMOS SEMICOND. INH O.N.,Electronics & Semiconductors,Germany,EUR,40,567710,,711650.4562568665
ENI.DE,ENI S.P.A.,Energy & Water,Italy,EUR,25,897791,,144219.25258636475
ENL.DE,ENEL S.P.A.          EO 1,Others,Italy,EUR,10,928624,,144384.32034111023
ENR.DE,SIEMENS ENERGY AG NA O.N.,Others,Germany,EUR,18,ENER6Y,,59008871.94694519
EOAN.DE,E.ON SE,Energy & Water,Germany,EUR,19,ENAG99,,57009842.93842697
EVD.DE,CTS EVENTIM KGAA,Others,Germany,EUR,39,547030,,6158181.447219849
EVK.DE,EVONIK INDUSTRIES NA O.N.,Chemistry,Germany,EUR,22,EVNK01,,13156117.597593307
EVT.DE,EVOTEC SE  INH O.N.,Biotech & Nanotech,Germany,EUR,39,566480,,11893147.77212906
FB2A.F,"META PLATF.  A DL-,000006",Internet & Software,USA,EUR,4,A1JWVX,,332286.53631591797
FEY.F,FUELCELL ENERGY  NEW O.N.,Unknown,—,EUR,31,A40CAW,,118642.07543945312
FIE.DE,FIELMANN GROUP AG O.N.,Department stores & Retail,Germany,EUR,33,577220,,2316502.7385520935
FME.DE,FRESEN.MED.CARE AG INH ON,Healthcare & Medicine,Germany,EUR,24,578580,,29003456.98498535
FNTN.DE,FREENET AG NA O.N.,Internet & Software,Germany,EUR,23,A0Z2ZZ,,6634736.371290207
FPE3.DE,FUCHS SE  VZO NA O.N.,Chemistry,Germany,EUR,23,A3E5D6,,4130006.422668457
FRA.DE,FRAPORT AG FFM.AIRPORT,Various services,Germany,EUR,28,577330,,9128738.82144928
FRE.DE,FRESENIUS SE & CO KGAA,Healthcare & Medicine,Germany,EUR,33,578560,,44368682.65663147
FTK.DE,FLATEXDEGIRO SE NA O.N.,Banking & Finance,Germany,EUR,50,FTG111,,3197232.6265621185
G1A.DE,GEA Group AG,Machinery & Equipment,Germany,EUR,31,660200,,11175421.844482422
G24.DE,SCOUT24 SE NA O.N.,Internet & Software,Germany,EUR,50,A12DM8,,9942442.840667725
GBF.DE,BILFINGER SE O.N.,Others,Germany,EUR,22,590900,,2598901.7198238373
GFT.DE,GFT Technologies SE,Internet & Software,Germany,EUR,50,580060,,852222.5796461105
GIL.DE,DMG MORI AG O.N.,Machinery & Equipment,Germany,EUR,32,587800,,133266.1378440857
GLJ.DE,GRENKE AG NA O.N.,Internet & Software,Germany,EUR,50,A161N3,,1756068.8409423828
GS71.DE,"GSK PLC  LS-,3125",Pharma & Cosmetics,Great Britain,EUR,41,A3DMB5,,792550.0724716187
GUI.DE,DIAGEO,Alcohol & Tobacco,Great Britain,EUR,42,851247,,165379.5267906189
GXI.DE,GERRESHEIMER AG,Healthcare & Medicine,Germany,EUR,32,A0LD6E,,7287613.08770752
GYC.DE,"GRAND CITY PROPERT.EO-,10",Banking & Finance,Luxembourg,EUR,50,A1JXCV,,3102585.1010990143
HABA.DE,HAMBORNER REIT AG NA O.N.,Investments & Holdings,Germany,EUR,50,A3H233,,495389.5862836838
HAG.DE,HENSOLDT AG INH O.N.,Electronics & Semiconductors,Germany,EUR,50,HAG000,,5399009.2903289795
HBH.DE,HORNBACH HOLD.ST O.N.,Department stores & Retail,Germany,EUR,50,608340,,948074.2959594728
HEI.DE,Heidelberg Materials,Construction & Construction Materials,Germany,EUR,26,604700,,36933381.72148132
HEN.DE,HENKEL AG+CO.KGAA ST O.N.,Chemistry,Germany,EUR,23,604840,,6095960.083114624
HEN3.DE,HENKEL KGAA VZO O.N.,Chemistry,Germany,EUR,19,604843,,33763542.49511719
HHFA.DE,HAMBURG.HAFEN LOG.A-SP NA,Various services,Germany,EUR,46,A0S848,,621879.5225524902
HLAG.DE,HAPAG-LLOYD AG NA O.N.,Transport,Germany,EUR,38,HLAG47,,1819178.4668884275
HLE.DE,HELLA GMBH+CO. KGAA O.N.,Vehicles,Germany,EUR,21,A13SX2,,2873477.7021751404
HNR1.DE,HANNOVER RUECK SE NA O.N.,Insurance,Germany,EUR,44,840221,,16732887.297912598
HOT.DE,HOCHTIEF AG,Construction & Construction Materials,Germany,EUR,43,607000,,7270939.07421875
HRPK.DE,7C SOLARPARKEN AG  O.N.,Others,Germany,EUR,50,A11QW6,,133775.9783434868
IBM.DE,"INTL BUS. MACH.    DL-,20",Computer & Network,USA,EUR,10,851399,,295810.9663772583
IFX.DE,INFINEON TECH.AG NA O.N.,Electronics & Semiconductors,Germany,EUR,16,623100,,117810293.25788498
ILM1.DE,MEDIOS AG  O.N.,Pharma & Cosmetics,Germany,EUR,50,A1MMCC,,329380.0
INH.DE,INDUS HOLDING AG,Investments & Holdings,Germany,EUR,36,620010,,418307.99807167053
INL.F,"INTEL CORP.       DL-,001",Electronics & Semiconductors,USA,EUR,5,855681,,196171.3554382324
IOS.DE,IONOS GROUP SE NA O.N.,Unknown,—,EUR,30,A3E00M,,2267824.6149044037
IXX.DE,INIT INNOVATION O.N.,Internet & Software,Germany,EUR,47,575980,,112670.8543395996
JEN.DE,JENOPTIK AG  NA O.N.,Electronics & Semiconductors,Germany,EUR,39,A2NB60,,2817550.4784584045
JNJ.DE,JOHNSON + JOHNSON,Pharma & Cosmetics,USA,EUR,10,853260,,398374.2998352051
JST.DE,JOST WERKE SE INH. O.N.,Vehicles,Germany,EUR,37,JST400,,570868.669052124
JUN3.DE,JUNGHEINRICH AG O.N.VZO,Vehicles,Germany,EUR,50,621993,,2816722.2584838867
KBX.DE,KNORR-BREMSE AG  INH O.N.,Vehicles,Germany,EUR,29,KBX100,,10857139.98247528
KCO.DE,KLOECKNER + CO SE NA O.N.,Mining & Steel,Germany,EUR,24,KC0100,,2026563.600156784
KGX.DE,KION GROUP AG,Machinery & Equipment,Germany,EUR,46,KGX888,,12239332.763671877
KRN.DE,KRONES AG O.N.,Machinery & Equipment,Germany,EUR,44,633500,,2527599.8927764893
KSB3.DE,KSB SE+CO.KGAA VZO O.N.,Machinery & Equipment,Germany,EUR,50,629203,,171005.67474365234
KTN.DE,KONTRON AG O.N,Internet & Software,Austria,EUR,25,A0X9EJ,,2751905.83392334
KWS.DE,KWS SAAT KGAA  INH O.N.,Others,Germany,EUR,36,707400,,465590.7829284668
LEG.DE,LEG IMMOBILIEN SE NA O.N.,Real Estate,Germany,EUR,50,LEG111,,12516877.03857422
LHA.DE,LUFTHANSA AG VNA O.N.,Aircraft & Space,Germany,EUR,32,823212,,42711420.38884449
LIN.DE,"LINDE PLC        EO -,001",Unknown,—,EUR,9,A3D7VW,,20380341.2555542
LLY.DE,ELI LILLY,Pharma & Cosmetics,USA,EUR,10,858560,,131938.40600585938
LOM.DE,LOCKHEED MARTIN    DL 1,Aircraft & Space,USA,EUR,10,894648,,114136.49633789062
LOR.DE,"L OREAL    INH.    EO 0,2",Pharma & Cosmetics,France,EUR,20,853888,,166415.19311523438
LPK.DE,LPKF LASER+ELECTR.INH ON,Electronics & Semiconductors,Germany,EUR,45,645000,,394530.3679466248
LXS.DE,LANXESS AG,Chemistry,Germany,EUR,41,547040,,12104584.482467651
MBB.DE,MBB SE O.N.,Others,Germany,EUR,45,A0ETBQ,,291136.9729003906
MBG.DE,MERCEDES-BENZ GRP NA O.N.,Vehicles,Germany,EUR,32,710000,,121373998.85025787
MLB1.DE,"MERCADOLIBRE INC. DL-,001",Internet & Software,—,EUR,10,A0MYNP,,127280.0
MLP.DE,MLP SE  INH. O.N.,Banking & Finance,Germany,EUR,50,656990,,229475.08626174927
MMM.DE,"3M CO. DL-,50",Consumer goods Diverse,USA,EUR,9,851745,,177814.4967956543
MOH.SG,"LVMH               EO 0,3",Textiles & Clothes,France,EUR,8,853292,,147508.38317871094
MPI0.DE,BCA MONTE D.PASCHI D.SIE.,Unknown,—,EUR,50,A3DU7S,,235790.1308362484
MRK.DE,MERCK KGAA O.N.,Pharma & Cosmetics,Germany,EUR,41,659990,,42567196.93862915
MS51.DE,SUPER MICRO O.N.,Unknown,—,EUR,11,A40MRM,,1573452.6454162598
MSF.DE,"MICROSOFT    DL-,00000625",Internet & Software,USA,EUR,5,870747,,6218507.850982666
MTX.DE,MTU AERO ENGINES NA O.N.,Aircraft & Space,Germany,EUR,27,A0D9PT,,30051112.55206299
MUM.DE,MENSCH UND MASCH.O.N.,Internet & Software,Germany,EUR,49,658080,,211664.0730476379
MUV2.DE,MUENCH.RUECKVERS.VNA O.N.,Insurance,Germany,EUR,8,843002,,83271521.75952148
MUX.DE,MUTARES KGAA  NA O.N.,Banking & Finance,Germany,EUR,50,A2NB65,,409597.46963500977
N3IA.F,"NIO INC. CL. A DL -,00025",Unknown,—,EUR,50,A2N4PC,,139720.71245765686
NA9.DE,NAGARRO SE  NA O.N.,Internet & Software,Germany,EUR,50,A3H220,,1948481.819480896
NDA.DE,AURUBIS AG,Resources,Germany,EUR,35,676650,,8200659.461517334
NDX1.DE,NORDEX SE O.N.,Energy & Water,Germany,EUR,25,A0D655,,8531272.416780472
NEM.DE,NEMETSCHEK SE O.N.,Internet & Software,Germany,EUR,26,645290,,9087556.520385742
NFC.F,"NETFLIX INC.      DL-,001",Others,USA,EUR,10,552484,,139040.0
NKE.DE,NIKE INC CL B,Various commercial firms,USA,EUR,9,866993,,303374.12841796875
NNND.F,TENCENT HLDG. LTD,Internet & Software,Hongkong,EUR,14,A1138D,,205720.7726211548
NOEJ.DE,NORMA GROUP SE NA O.N.,Others,Germany,EUR,50,A1H8BV,,1493861.5223083496
NOV.DE,"NOVO-NORDISK AS B  DK 0,1",Unknown,—,EUR,19,A3EU6F,,608641.9848632812
NVD.DE,"NVIDIA CORP.      DL-,001",Electronics & Semiconductors,USA,EUR,5,918422,,4919643.284626007
OBCK.DE,OTTOBOCK SE+CO.KGAA  O.N.,Unknown,—,EUR,29,BCK222,,1476037.5
OHB.DE,OHB SE   O.N.,Others,Germany,EUR,37,593612,,203633.89741516113
P911.DE,DR.ING.H.C.F.PORSCHE VZO,Others,Germany,EUR,28,PAG911,,31707347.8960762
PAH3.DE,PORSCHE AUTOM.HLDG VZO,Investments & Holdings,Germany,EUR,49,PAH003,,25023737.32743835
PFE.DE,"PFIZER INC. DL-,05",Pharma & Cosmetics,USA,EUR,9,852009,,708588.7917175293
PFV.DE,PFEIFFER VACUUM TECH.O.N.,Others,Germany,EUR,41,691660,,664550.6502685547
PHI1.DE,"KONINKL. PHILIPS EO -,20",Electronics & Semiconductors,Netherlands,EUR,4,940602,,171863.8829612732
PLUN.DE,"PLUG POWER INC. DL-,01",Electronics & Semiconductors,USA,EUR,21,A1JA81,,623460.1662898064
PNE3.DE,PNE AG  NA O.N.,Energy & Water,Germany,EUR,29,A0JBPG,,567405.379989624
PRG.DE,PROCTER GAMBLE,Pharma & Cosmetics,USA,EUR,10,852062,,316548.34452819824
PTX.DE,PALANTIR TECHNOLOGIES INC,Internet & Software,USA,EUR,5,A2QA4J,,1186188.68628788
PUM.DE,PUMA SE,Various commercial firms,Germany,EUR,23,696960,,20010679.761138916
R3NK.F,RENK GROUP AG INH O.N.,Unknown,—,EUR,23,RENK73,,251455.78913116455
R6C0.F,SHELL PLC           EO-07,Oil & Gas,Great Britain,EUR,3,A3C99G,,367027.2391052246
RHM.DE,Rheinmetall AG,Machinery & Equipment,Germany,EUR,11,703000,,20793459.40264893
RHO.DE,"ROCHE HOLDING PS SF -,001",Unknown,—,EUR,17,A424UK,,169615.24030303955
RIO1.F,RIO TINTO,Resources,Great Britain,EUR,34,852147,,114265.33401489258
RRTL.DE,RTL GROUP,Others,Luxembourg,EUR,31,861149,,2345667.1994800568
RWE.DE,RWE AG ST O.N.,Energy & Water,Germany,EUR,17,703712,,63331323.06447601
S92.DE,SMA SOLAR TECHNOL.AG,Others,Germany,EUR,49,A0DJ6J,,4151227.8663635254
SAP.DE,SAP SE,Internet & Software,Germany,EUR,13,716460,,223477168.3985672
SAX.DE,STROEER SE + CO. KGAA,Others,Germany,EUR,50,749399,,2810433.552749634
SDF.DE,K+S AG NA O.N.,Chemistry,Germany,EUR,50,KSAG88,,13653139.868686676
SFQ.DE,SAF-HOLLAND SE  INH EO 1,Machinery & Equipment,Luxembourg,EUR,24,SAFH00,,980962.7291107178
SGL.DE,SGL CARBON SE O.N.,Chemistry,Germany,EUR,39,723530,,1048406.6972494124
SHA0.DE,SCHAEFFLER AG NA O.N.,Unknown,—,EUR,26,SHA010,,3346913.326669693
SHL.DE,SIEMENS HEALTH.AG NA O.N.,Healthcare & Medicine,Germany,EUR,50,SHL100,,27362899.915805817
SIE.DE,SIEMENS AG NA,Electronics & Semiconductors,Germany,EUR,17,723610,,179564059.23809814
SIX2.DE,SIXT SE ST O.N.,Others,Germany,EUR,34,723132,,3054997.868774414
SIX3.DE,SIXT SE VZO,Others,Germany,EUR,32,723133,,1013467.4094200134
SLYG.DE,SHELLY GROUP PLC     EO 1,Unknown,—,EUR,41,A2DGX9,,157237.93627166748
SMHN.DE,SUESS MICROTEC SE NA O.N.,Electronics & Semiconductors,Germany,EUR,19,A1K023,,1105851.0321788788
SQ3.DE,BLOCK INC. A,Banking & Finance,USA,EUR,21,A143D6,,213486.60191345215
SRT3.DE,SARTORIUS AG VZO O.N.,Others,Germany,EUR,43,716563,,19722824.964309692
ST5.DE,STEICO SE,Construction & Construction Materials,Germany,EUR,50,A0LR93,,287040.05558776855
STM.DE,STABILUS SE INH. O.N.,Others,Germany,EUR,43,STAB1L,,1361618.2212486267
SY1.DE,SYMRISE AG INH. O.N.,Chemistry,Germany,EUR,30,SYM999,,24194654.586791992
SZG.DE,SALZGITTER AG O.N.,Mining & Steel,Germany,EUR,30,620200,,4638149.471282959
SZU.DE,SUEDZUCKER AG  O.N.,Food,Germany,EUR,18,729700,,2507315.400466919
TEG.DE,TAG IMMOBILIEN AG,Real Estate,Germany,EUR,34,830350,,6496502.899280548
TIMA.DE,ZEAL NETWORK SE NA O.N.,Others,Great Britain,EUR,50,ZEAL24,,162484.13816070557
TKA.DE,THYSSENKRUPP AG O.N.,Mining & Steel,Germany,EUR,39,750000,,25352779.761249542
TKMS.DE,TKMS AG + CO. KGAA O.N.,Unknown,—,EUR,21,TKMS00,,13957413.742362976
TL0.DE,"TESLA INC. DL -,001",Vehicles,USA,EUR,5,A1CX3T,,13537815.608551024
TLX.DE,TALANX AG NA O.N.,Insurance,Germany,EUR,20,TLX100,,3982722.4609451294
TMV.DE,TEAMVIEWER SE  INH O.N.,Internet & Software,Germany,EUR,46,A2YN90,,8688066.513690948
TOTB.F,"TOTALENERGIES SE  EO 2,50",Oil & Gas,France,EUR,11,850727,,132035.9683151245
TPE.DE,PVA TEPLA AG O.N.,Others,Germany,EUR,41,746100,,913151.992034912
TSFA.F,TAIWAN SEMICON.MANU.ADR/5,Electronics & Semiconductors,Taiwan,EUR,14,909800,,122433.03419494627
TUI1.DE,TUI AG NA O.N.,Unknown,—,EUR,20,TUAG50,,14932067.783546448
UN0.DE,UNIPER SE  NA O.N. KONV.,Unknown,—,EUR,49,UNSE02,,6911250.7734375
UT8.DE,"UBER TECH.      DL-,00001",Internet & Software,USA,EUR,10,A2PHHG,,170083.0329208374
UTDI.DE,UTD.INTERNET AG NA,Investments & Holdings,Germany,EUR,27,508903,,6853561.824417114
VBK.DE,VERBIO SE INH O.N.,Oil & Gas,Germany,EUR,32,A0JL9W,,1904744.6341552737
VH2.DE,FR.VORWERK GRP SE INH ON,Energy & Water,Germany,EUR,46,A255F1,,503360.97064208984
VNA.DE,VONOVIA SE,Real Estate,Germany,EUR,27,A1ML7J,,50104608.31802368
VOS.DE,VOSSLOH AG O.N.,Electronics & Semiconductors,Germany,EUR,23,766710,,434241.84703826904
VOW.DE,VOLKSWAGEN AG ST O.N.,Vehicles,Germany,EUR,48,766400,,6818830.424491882
VOW3.DE,VOLKSWAGEN AG VORZUGSAKTIEN,Vehicles,Germany,EUR,35,766403,,99120650.50561523
VWSB.DE,"VESTAS WIND SYS. DK -,20",Energy & Water,Denmark,EUR,36,A3CMNS,,464211.48425865173
WAF.DE,SILTRONIC AG NA O.N.,Electronics & Semiconductors,Germany,EUR,32,WAF300,,5686482.462127686
WCH.DE,WACKER CHEMIE        O.N.,Chemistry,Germany,EUR,45,WCH888,,10036900.91886139
WDP.DE,DISNEY (WALT) CO.,Others,USA,EUR,10,855686,,442509.0220413208
WUW.DE,WUESTENROT+WUERTT.AG O.N.,Insurance,Germany,EUR,13,805100,,276611.3353443146
ZAL.DE,ZALANDO SE,Internet & Software,Germany,EUR,40,ZAL111,,28480119.338768005
ZIL2.DE,ELRINGKLINGER AG NA O.N.,Investments & Holdings,Germany,EUR,50,785602,,458639.40236091614
05Y.XETRA,Vivoryon Therapeutics N.V.,Unknown,,,25,,2022-05-03,
1FC.XETRA,Facc AG,Unknown,,,25,,2025-09-16,
2INV.XETRA,2invest AG,Unknown,,,25,,2026-01-06,
4XT.XETRA,XPhyto Therapeutics Corp,Unknown,,,25,,2022-11-15,
5CV.XETRA,CureVac NV,Unknown,,,25,,2026-01-05,
5GH.XETRA,Guardant Health Inc.,Unknown,,,25,,2022-08-10,
8DEA.XETRA,8DEA,Unknown,,,25,,2022-05-30,
8NI.XETRA,Nikola Corporation,Unknown,,,25,,2024-06-24,
93M.XETRA,MPH Health Care AG,Unknown,,,25,,2021-01-27,
99SC.XETRA,NeXR Technologies SE,Unknown,,,25,,2021-01-27,
9VC.XETRA,ATAI Life Sciences NV,Unknown,,,25,,2025-12-30,
ADD.XETRA,Adler Modemärkte AG,Unknown,,,25,,2021-03-23,
AM3D.XETRA,SLM Solutions Group AG,Unknown,,,25,,2023-08-18,
APPH.XETRA,Apontis Pharma AG,Unknown,,,25,,2025-11-14,
AR4.XETRA,AURELIUS Equity Opportunities SE & Co. KGaA,Unknown,,,25,,2023-07-03,
B4B.XETRA,Metro AG,Unknown,,,25,,2025-04-17,
B4B3.XETRA,Metro AG vz. (Pref Shares),Unknown,,,25,,2025-04-17,
B5A.XETRA,Bauer AG,Unknown,,,25,,2023-06-22,
BNT1.XETRA,EYEMAXX Real Estate AG,Unknown,,,25,,2021-12-17,
BTBB.XETRA,Sleepz AG,Unknown,,,25,,2019-08-22,
C0M.XETRA,Compleo Charging Solutions AG,Unknown,,,25,,2023-04-05,
CC1.XETRA,Consus Real Estate AG,Unknown,,,25,,2022-09-26,
CEC1.XETRA,Ceconomy AG,Unknown,,,25,,2022-06-01,
CMTX.XETRA,Lyxor Core Euro Government Bond,Unknown,,,25,,2022-11-23,
CNW.XETRA,co.don AG,Unknown,,,25,,2022-09-30,
COP.XETRA,CompuGroup Medical SE & Co. KGaA,Unknown,,,25,,2025-06-24,
CRZK.XETRA,CR Capital AG,Unknown,,,25,,2025-09-17,
DBD.XETRA,Diebold Nixdorf Inc,Unknown,,,25,,2022-06-01,
DFV.XETRA,DFV Deutsche Familienversicherung AG,Unknown,,,25,,2024-12-02,
DIC.XETRA,DIC Asset AG,Unknown,,,25,,2026-04-02,
DIS.XETRA,Diskus Werke AG,Unknown,,,25,,2023-03-31,
DRI.XETRA,1&1 Drillisch AG,Unknown,,,25,,2021-08-04,
EBE.XETRA,aifinyo AG,Unknown,,,25,,2024-03-13,
EFF.XETRA,Deutsche Effecten- und Wechsel-Beteiligungsgesellschaft AG,Unknown,,,25,,2026-01-09,
ELO1.XETRA,ELO1,Unknown,,,25,,2022-05-03,
ETE.XETRA,Ekotechnika AG,Unknown,,,25,,2023-11-02,
FRU.XETRA,Multitude SE,Unknown,,,25,,2024-08-29,
FSNT.XETRA,Fashionette AG,Unknown,,,25,,2023-11-14,
GAI.XETRA,SGT German Private Equity GmbH & Co. KGaA,Unknown,,,25,,2024-08-14,
GAZ.XETRA,Public Joint Stock Company Gazprom,Unknown,,,25,,2022-04-12,
H5E.XETRA,HELMA Eigenheimbau Aktiengesellschaft,Unknown,,,25,,2024-06-19,
H9Y.XETRA,HanseYachts AG,Unknown,,,25,,2024-05-20,
HAEK.XETRA,Haemato AG,Unknown,,,25,,2024-02-29,
HEMP.XETRA,DEUTSCHE CANNABIS AG O.N.,Unknown,,,25,,2019-12-19,
HPBK.XETRA,Heliad Equity Partners GmbH & Co. KGaA,Unknown,,,25,,2023-10-16,
IC8.XETRA,InCity Immobilien AG,Unknown,,,25,,2026-01-29,
ICP.XETRA,Panamax AG,Unknown,,,25,,2020-06-02,
INR_old.XETRA,INR,Unknown,,,25,,2023-07-07,
INW1.XETRA,GBS Software AG,Unknown,,,25,,2022-06-01,
IS8.XETRA,ifa systems AG,Unknown,,,25,,2023-10-12,
ISH2.XETRA,INTERSHOP Communications Aktiengesellschaft,Unknown,,,25,,2020-02-12,
IVX.XETRA,InVision Aktiengesellschaft,Unknown,,,25,,2024-02-23,
KTEK.XETRA,Katek Se,Unknown,,,25,,2024-05-20,
L1OA.XETRA,Lloyd Fonds AG,Unknown,,,25,,2023-01-06,
LDF.XETRA,Linus Digital Finance AG,Unknown,,,25,,2024-12-10,
LEN.XETRA,Lenzing Aktiengesellschaft,Unknown,,,25,,2025-09-16,
LOUD.XETRA,DEAG Deutsche Entertainment Aktiengesellschaft,Unknown,,,25,,2021-04-09,
LUS.XETRA,Lang & Schwarz Aktiengesellschaft,Unknown,,,25,,2022-04-13,
M0YN.XETRA,Mynaric AG,Unknown,,,25,,2025-05-30,
M3BK.XETRA,Pyramid AG,Unknown,,,25,,2025-11-18,
MA1.XETRA,MAX 21 AG,Unknown,,,25,,2021-02-01,
MDG1.XETRA,Medigene AG,Unknown,,,25,,2025-05-15,
MOR.XETRA,Morphosys AG O.N.,Unknown,,,25,,2024-08-20,
MWB.XETRA,mwb fairtrade Wertpapierhandelsbank AG,Unknown,,,25,,2024-03-20,
N4G.XETRA,The Naga Group AG,Unknown,,,25,,2025-12-19,
NGLB.XETRA,Anglo American plc,Unknown,,,25,,2025-07-31,
NIIN.XETRA,niiio finance group AG,Unknown,,,25,,2024-07-03,
NWO.XETRA,New Work SE,Unknown,,,25,,2024-08-27,
O2C.XETRA,Petro Welt Technologies AG,Unknown,,,25,,2023-08-08,
OYC.XETRA,Delta Air Lines Inc.,Unknown,,,25,,2020-10-21,
PBY.XETRA,Publity AG,Unknown,,,25,,2024-08-01,
PLKB.XETRA,PLKB,Unknown,,,25,,2023-10-05,
PSH.XETRA,Sernova Corp,Unknown,,,25,,2025-02-14,
RDAM.XETRA,RDAM,Unknown,,,25,,2024-05-10,
S6P.XETRA,Spielvereinigung Unterhaching Fussb,Unknown,,,25,,2025-04-01,
SFD1.XETRA,Softline AG,Unknown,,,25,,2024-01-23,
SHA.XETRA,Schaeffler AG Pref,Unknown,,,25,,2024-09-24,
SHWK.XETRA,SHS VIVEON AG,Unknown,,,25,,2024-07-03,
SUSE.XETRA,SUSE S.A.,Unknown,,,25,,2023-11-13,
SYAB.XETRA,Synlab AG,Unknown,,,25,,2024-07-19,
TC1.XETRA,Tele Columbus AG,Unknown,,,25,,2021-12-17,
TRU.XETRA,Traumhaus AG,Unknown,,,25,,2024-02-14,
USX1.XETRA,United States Steel Corporation,Unknown,,,25,,2020-02-21,
V3S.XETRA,Vectron Systems AG,Unknown,,,25,,2024-09-30,
VAR1.XETRA,Varta AG,Unknown,,,25,,2025-03-11,
VBX_old.XETRA,Voltabox AG,Unknown,,,25,,2022-01-18,
VFP.XETRA,V.F. Corporation,Unknown,,,25,,2025-08-19,
VG8.XETRA,Varengold Bank AG,Unknown,,,25,,2025-08-20,
VSC.XETRA,4SC AG,Unknown,,,25,,2023-02-10,
W8A.XETRA,Walgreens Boots Alliance Inc,Unknown,,,25,,2025-08-28,
WIG1_old.XETRA,Sporttotal AG,Unknown,,,25,,2019-08-29,
WSO1.XETRA,wallstreet:online AG,Unknown,,,25,,2022-11-02,
YOU.XETRA,ABOUT YOU Holding AG,Unknown,,,25,,2025-11-06,
ZSOL.XETRA,Solutiance AG,Unknown,,,25,,2022-08-24,
03G.F,GASLOG PARTNERS UTS,Unknown,,,25,,2023-02-07,
07S.F,SECUREWORKS C. A DL-01,Unknown,,,25,,2025-02-04,
0C8.F,Catalent Inc,Unknown,,,25,,2024-12-18,
0EV.F,Elevate Credit Inc,Unknown,,,25,,2023-02-28,
0HR.F,EVERFUEL A/S DK -10,Unknown,,,25,,2025-01-02,
0IK_old.F,NGM Biopharmaceuticals Inc,Unknown,,,25,,2024-04-05,
0JV.F,IBIO INC. DL -001,Unknown,,,25,,2024-01-29,
0K3.F,TFF PHARMAC.INC. DL-001,Unknown,,,25,,2024-02-16,
0M4.F,Mersana Therapeutics Inc,Unknown,,,25,,2025-09-25,
0MB.F,Marrone Bio Innovations Inc,Unknown,,,25,,2022-07-12,
0MV.F,ALPHA MOS INH.EO 020,Unknown,,,25,,2025-01-03,
0QL.F,VIRGIN GALACTIC HLDGS,Unknown,,,25,,2024-08-15,
0RK.F,EXSCIENTIA SP.ADRS,Unknown,,,25,,2024-11-20,
0VV.F,ViacomCBS Inc,Unknown,,,25,,2025-08-06,
0VVB.F,ViacomCBS Inc,Unknown,,,25,,2025-08-08,
0WQ0.F,G MINING VENTURES CORP,Unknown,,,25,,2024-07-18,
0XJ.F,MUSCLE MAKER DL-0001,Unknown,,,25,,2024-12-18,
0XZ.F,Silvergate Capital Corporation,Unknown,,,25,,2023-05-10,
0ZB.F,CONVERGE TECHNOLOGY SOL.,Unknown,,,25,,2025-04-23,
13T1.F,TCS Group Holding PLC,Unknown,,,25,,2022-03-02,
165_old.F,9F Inc,Unknown,,,25,,2023-01-17,
17LA.F,Lenta PLC,Unknown,,,25,,2022-02-28,
18G.F,ITACONIX PLC,Unknown,,,25,,2023-10-19,
18Y.F,SRG Mining Inc,Unknown,,,25,,2024-07-04,
1BO.F,BALYO S.A. EO -08,Unknown,,,25,,2026-04-24,
1BU0.F,AVANT BRANDS INC.,Unknown,,,25,,2024-10-30,
1CCA.F,LIDA RESOURCES INC,Unknown,,,25,,2024-04-24,
1DB.F,DoValue,Unknown,,,25,,2024-11-21,
1F8.F,Fincantieri S.p.A,Unknown,,,25,,2024-08-15,
1FG.F,FibroGen Inc,Unknown,,,25,,2025-08-15,
1GU.F,Grubhub Inc,Unknown,,,25,,2021-06-14,
1K0.F,IGM BIOSCIENCES DL-01,Unknown,,,25,,2025-08-15,
1LV.F,SATSUMA PHARMACEUTICALS,Unknown,,,25,,2023-06-09,
1M4_old.F,MSG Networks Inc,Unknown,,,25,,2021-07-08,
1N7.F,Nevro Corp,Unknown,,,25,,2025-04-03,
1NQ.F,DIGIHOST TECHN. INC. O.N.,Unknown,,,25,,2025-05-02,
1OZ.F,OZON HOLDINGS (SP.ADS)/1,Unknown,,,25,,2023-12-06,
1P6.F,Berry Petroleum Corp,Unknown,,,25,,2026-02-18,
1R8.F,Radius Heal,Unknown,,,25,,2022-08-12,
1RA1.F,ROS AGRO PLC GDR REG S 1,Unknown,,,25,,2022-02-28,
1T9.F,Tarkett,Unknown,,,25,,2025-12-23,
1TM.F,Mithra Pharmaceuticals Sa,Unknown,,,25,,2024-09-27,
1UI.F,Unieuro S.p.A,Unknown,,,25,,2025-01-08,
1V3.F,COUCHBASE INC. DL-00001,Unknown,,,25,,2025-10-23,
1W80.F,WISEKEY INTL.H.ADR NEW 10,Unknown,,,25,,2023-09-04,
1YI1.F,Purple Biotech Ltd,Unknown,,,25,,2024-11-14,
1YT.F,HUT 8 MINING CORP (NEW),Unknown,,,25,,2023-12-01,
1ZD.F,INTEROIL EXPL.+PRO.NK-50,Unknown,,,25,,2024-03-22,
20D.F,Cidara Therapeutics Inc,Unknown,,,25,,2024-06-24,
21J.F,Jounce Therapeutics Inc,Unknown,,,25,,2023-05-04,
21P1.F,Aurora Cannabis Inc,Unknown,,,25,,2024-04-18,
22X.F,SERNEKE GROUP AB B O.N.,Unknown,,,25,,2023-07-06,
241A.F,Centennial Resource Development Inc,Unknown,,,25,,2022-09-05,
256.F,AZURE POWER GLOBAL DL-01,Unknown,,,25,,2023-07-17,
25K.F,Karyopharm Therapeutics Inc,Unknown,,,25,,2025-04-28,
26M.F,Mirati Ther,Unknown,,,25,,2024-01-23,
26N.F,Netcents Technology Inc,Unknown,,,25,,2022-10-20,
27F.F,Kala Pharmaceuticals Inc,Unknown,,,25,,2022-10-20,
27P.F,PACT GROUP HLDGS,Unknown,,,25,,2025-08-04,
27V.F,Avantium N.V,Unknown,,,25,,2025-07-18,
2990.F,BEST INC. SPONS. ADR/1A,Unknown,,,25,,2023-06-05,
2AR1.F,ARMOUR Residential REIT Inc,Unknown,,,25,,2023-11-30,
2BV.F,Brightcove Inc,Unknown,,,25,,2025-02-05,
2C0.F,Coupa Software Inc,Unknown,,,25,,2023-02-28,
2E4A.F,ERYTECH Pharma S.A,Unknown,,,25,,2023-11-16,
2E7.F,Everbridge Inc,Unknown,,,25,,2024-07-02,
2ET.F,ETALON GROUP GDR REGS 1,Unknown,,,25,,2024-02-14,
2FJ.F,PIERREL S.P.A.,Unknown,,,25,,2023-08-18,
2H2A.F,Two Harbors Investments Corp,Unknown,,,25,,2022-11-01,
2IU.F,BOXLIG.CORP CL.A DL-0001,Unknown,,,25,,2023-08-15,
2K7.F,TCR2 Therapeutics Inc,Unknown,,,25,,2023-05-31,
2K90.F,MOMENTIVE GLOBAL DL-01,Unknown,,,25,,2023-05-31,
2KZ.F,Kezar Life Sciences Inc,Unknown,,,25,,2024-12-27,
2OW.F,Silk Road Medical Inc,Unknown,,,25,,2024-09-19,
2P1.F,Greenyard NV,Unknown,,,25,,2025-09-05,
2Q3.F,9 Meters Biopharma Inc,Unknown,,,25,,2022-10-17,
2QL0.F,FIRE+FLOWERS HLDGS CORP.,Unknown,,,25,,2023-07-17,
2QV0.F,CHEMOMAB THERAP. ADR/20,Unknown,,,25,,2025-10-27,
2RH.F,RedHill Biopharma Ltd,Unknown,,,25,,2023-03-22,
2RS.F,MINEHUB TECHNOLOGIES INC.,Unknown,,,25,,2024-04-30,
2SA0.F,SALMONES CAMANCHACA S.A.,Unknown,,,25,,2024-10-28,
2SX.F,Scpharmaceuticals Inc,Unknown,,,25,,2025-10-08,
2T3.F,Safehold Inc,Unknown,,,25,,2023-03-30,
2TS.F,Tile Shop Holdings Inc,Unknown,,,25,,2026-01-13,
2TS0.F,Tile Shop Holdings Inc.,Unknown,,,25,,2026-01-13,
2TX.F,ASENSUS SURGICAL DL-001,Unknown,,,25,,2024-08-22,
2U1.F,2U Inc,Unknown,,,25,,2024-08-14,
2UH.F,ANGI Homeservices Inc,Unknown,,,25,,2025-05-22,
2VT.F,Lipocine Inc,Unknown,,,25,,2023-07-12,
2W6.F,Mustang Bio Inc,Unknown,,,25,,2023-04-03,
2XA.F,AA plc,Unknown,,,25,,2021-03-10,
2YK.F,ANTARES VISION SPA O.N.,Unknown,,,25,,2026-03-30,
32GA.F,Thunderbird Entertainment Group Inc,Unknown,,,25,,2026-02-02,
3510.F,LIVEONE INC. DL-001,Unknown,,,25,,2025-11-26,
358.F,BALLYS CORP. DL-01,Unknown,,,25,,2025-02-10,
35L.F,PHERECYDES PHARMA EO 1,Unknown,,,25,,2023-06-27,
35X.F,AgroFresh Solutions Inc,Unknown,,,25,,2023-03-30,
366.F,AzurRx BioPharma Inc,Unknown,,,25,,2021-09-10,
36N0.F,ABAXX TECHNOLOGIES INC.,Unknown,,,25,,2023-07-20,
3AI.F,Alteryx Inc,Unknown,,,25,,2024-03-18,
3AR.F,Argo Group International Holdings Ltd,Unknown,,,25,,2023-11-15,
3BE.F,TRINITY EXP.+PROD.DL 001,Unknown,,,25,,2024-08-01,
3IX.F,Innergex Renewable Energy Inc,Unknown,,,25,,2025-07-22,
3JE.F,SC.BIOGAS FUELS INTL.O.N.,Unknown,,,25,,2024-04-08,
3K6.F,ESR GROUP LTD.,Unknown,,,25,,2025-06-30,
3NTA.F,Navios Maritime Holdings Inc,Unknown,,,25,,2023-12-13,
3TT.F,TECNOTREE OYJ,Unknown,,,25,,2024-06-21,
3TW.F,COINSHARES I. LS-000247,Unknown,,,25,,2026-04-13,
3VM1.F,MODELON AB AK B,Unknown,,,25,,2024-11-28,
3YK.F,KALEYRA INC. DL -0001,Unknown,,,25,,2023-05-09,
40Y1.F,ESPORTS ENTMT GRP DL-001,Unknown,,,25,,2023-04-20,
43T.F,Tabula Rasa HealthCare Inc,Unknown,,,25,,2023-11-03,
43V.F,PURPOSE MARIJ.OPP. TR.UTS,Unknown,,,25,,2025-03-13,
47K.F,ARRIVAL GROUP EO -10,Unknown,,,25,,2023-06-15,
47N.F,CITIUS PHARMAC. DL -001,Unknown,,,25,,2025-01-24,
4880.F,WESTRN ASS.MORT.CA.NEW,Unknown,,,25,,2023-12-06,
48L.F,BEYOND AIR INC. DL-0001,Unknown,,,25,,2025-09-11,
48Q.F,X4 PHARMACEUTIC. DL-001,Unknown,,,25,,2025-06-26,
48X.F,SUMMA SILVER CORP.,Unknown,,,25,,2025-08-06,
49S0.F,SUPERDRY PLC UNSPON.ADR 1,Unknown,,,25,,2024-01-10,
49Y0.F,AVENUE THERAP. DL-0001,Unknown,,,25,,2024-06-25,
4AR.F,AIRNET TECHN. ADR 1,Unknown,,,25,,2024-02-13,
4B3.F,Big Lots Inc,Unknown,,,25,,2024-09-11,
4CR1.F,Chimera Investment Corporation,Unknown,,,25,,2024-07-22,
4DA.F,OX2 AB,Unknown,,,25,,2024-10-23,
4DY.F,4D PHARMA PLC LS -0025,Unknown,,,25,,2023-02-16,
4DY0.F,4D PHARMA PLC SP.ADR/8,Unknown,,,25,,2023-03-29,
4EG.F,ENGlobal Corporation,Unknown,,,25,,2021-08-18,
4GSN.F,SINGULARITY FUTURE TECHN.,Unknown,,,25,,2024-04-11,
4GT1.F,LIVEVOX HOLDINGS DL-0001,Unknown,,,25,,2023-12-27,
4MN.F,Minerva Neurosciences Inc,Unknown,,,25,,2022-06-20,
4NE1.F,ACCOLADE INC. DL-0001,Unknown,,,25,,2025-04-08,
4NM1.F,China Evergrande New Energy Vehicle Group Limited,Unknown,,,25,,2022-03-18,
4OR1.F,Organovo Holdings Inc,Unknown,,,25,,2021-08-18,
4OWA.F,Maiden Holdings Ltd,Unknown,,,25,,2025-05-29,
4PKB.F,LAVA THERAP. B.V. EO-12,Unknown,,,25,,2025-11-25,
4TU0.F,FOSTERVILLE SOUTH EXP. A,Unknown,,,25,,2023-11-23,
4VN.F,GAN LTD. DL-01,Unknown,,,25,,2025-05-27,
4W4.F,LYSOGENE S.A.(PROM.)-30,Unknown,,,25,,2023-12-05,
4W6.F,THERADIAG SA EO 101,Unknown,,,25,,2023-12-27,
4WC.F,HORIZON BANCORP INC.,Unknown,,,25,,2023-04-24,
4ZD.F,PENNEO A/S DK 002,Unknown,,,25,,2025-03-07,
510.F,GRAPHEX GROUP SP.ADR/20,Unknown,,,25,,2025-05-23,
51KB.F,AVITA Medical Inc,Unknown,,,25,,2025-05-13,
53D.F,illimity Bank S.p.A.,Unknown,,,25,,2025-09-19,
57LA.F,SONO GROUP NV EO -06,Unknown,,,25,,2023-07-31,
59A.F,Atlassian Corp Plc,Unknown,,,25,,2022-11-29,
5A4.F,Orion Energy Systems Inc,Unknown,,,25,,2025-10-22,
5AH.F,PHX Minerals Inc,Unknown,,,25,,2025-06-23,
5CN.F,CNOVA NV EO -05,Unknown,,,25,,2024-02-13,
5DA.F,INDIGO BOOKS,Unknown,,,25,,2024-06-04,
5DX0.F,QUALTR.INTL. A DL-0001,Unknown,,,25,,2023-06-27,
5EI.F,HARBOR CUSTOM DEV.,Unknown,,,25,,2023-05-04,
5EI0.F,HARBOUR CU.DEV.C.C.PREF.A,Unknown,,,25,,2024-01-03,
5J8.F,POLISHED.COM DL-0001,Unknown,,,25,,2023-12-19,
5JK.F,ISR IMMUNE SYS.REGUL.HLDG,Unknown,,,25,,2023-05-31,
5JS1.F,AGATOS S.P.A.,Unknown,,,25,,2025-07-03,
5JU.F,KIROMIC BIOPHARMA INC.,Unknown,,,25,,2023-05-11,
5MC1.F,Leap Therapeutics Inc,Unknown,,,25,,2023-06-20,
5PN.F,FAT BRANDS INC.A DL-0001,Unknown,,,25,,2026-02-26,
5QJ.F,Maxeon Solar Technologies Ltd,Unknown,,,25,,2024-12-06,
5QV.F,CITY OFFICE REIT DL -01,Unknown,,,25,,2026-01-09,
5S0.F,THINKIFIC LABS INC.,Unknown,,,25,,2025-06-26,
5TC.F,TrueCar Inc,Unknown,,,25,,2026-01-23,
5Y00.F,KUAISHOU TECH.ADR/1/5 B,Unknown,,,25,,2023-02-10,
5Z9.F,TELUS INTL SB VT.WH.ISS.,Unknown,,,25,,2025-11-04,
5ZL.F,LAZYDAYS HOLDINGS INC.,Unknown,,,25,,2025-09-11,
5ZZ.F,CONTEXTLOGIC DL -0001,Unknown,,,25,,2023-06-09,
64B.F,BERKELEY LIGHTS DL-00005,Unknown,,,25,,2023-10-02,
64V.F,BBTV HOLDINGS INC.,Unknown,,,25,,2024-01-11,
65I.F,PHILLY SHIPYARD ASA NK 10,Unknown,,,25,,2025-09-16,
65Z.F,HOME REIT PLC LS -01,Unknown,,,25,,2023-01-03,
67E.F,WALLBOX N.V. CL.A EO-12,Unknown,,,25,,2025-09-02,
698.F,ACHILLES THERAP.SP.ADS/1,Unknown,,,25,,2025-04-01,
69C_old.F,Cara Therapeutics Inc,Unknown,,,25,,2025-02-28,
69U.F,PERMASCAND TOP HOLDING,Unknown,,,25,,2024-02-29,
6BUA.F,BURN.ROCK BIOT. SP.ADR/A,Unknown,,,25,,2024-07-12,
6CU.F,DANIMER SCIENTIFIC,Unknown,,,25,,2025-01-13,
6DV.F,LOGISTRI FASTIGHETS AB,Unknown,,,25,,2025-08-29,
6FA.F,SEMLER SCIENTIFIC DL-001,Unknown,,,25,,2026-01-20,
6KB.F,KINNATE BIOPHARMA -0001,Unknown,,,25,,2024-04-03,
6L0.F,RUBELLITE ENERGY INC.,Unknown,,,25,,2025-01-02,
6LQ.F,HIGH ARCTIC EN. SVCS,Unknown,,,25,,2024-10-15,
6MB.F,Metro Bank PLC,Unknown,,,25,,2023-05-18,
6NNA.F,GOLDEN INDEP. MINING CORP,Unknown,,,25,,2024-02-01,
6OU.F,GROUPE BERKEM EO 225,Unknown,,,25,,2025-01-13,
6QP.F,RE:NEWCELL AB,Unknown,,,25,,2024-03-05,
6QT.F,MDF COMMERCE INC.,Unknown,,,25,,2024-05-22,
6SD.F,SHELF DRILLING LTD,Unknown,,,25,,2025-11-27,
6SS.F,ServiceSource International Inc,Unknown,,,25,,2022-07-20,
6UG.F,DIGIZUITE AS DK 1,Unknown,,,25,,2023-09-07,
6V3.F,LUFAX HLDG SP.ADS 1/2,Unknown,,,25,,2024-02-15,
6XZ.F,TPCO HOLDING CORP.,Unknown,,,25,,2023-07-12,
6YZ.F,NEW HORIZ.HEAL. DL-00005,Unknown,,,25,,2026-02-09,
70B.F,B+S GROUP SA INH EO-06,Unknown,,,25,,2025-12-23,
73C.F,Concert Pharmaceuticals Inc,Unknown,,,25,,2023-03-06,
76D.F,MEDESIS PHARMA SA EO 2-,Unknown,,,25,,2025-05-16,
76X0.F,SOMALOGIC INC. A DL-0001,Unknown,,,25,,2024-01-05,
786.F,HOME P.C. DL -0000000072,Unknown,,,25,,2023-08-01,
78F.F,FREEL.THERAP.HLD.SP.ADS/1,Unknown,,,25,,2023-07-12,
796.F,UZABASE INC. O.N.,Unknown,,,25,,2023-02-07,
7AF.F,ORDERYOYO A/S DK -01,Unknown,,,25,,2025-04-14,
7DP_old.F,Diplomat Pharmacy Inc,Unknown,,,25,,2020-02-10,
7M40.F,MOTUS GI HLG.INC DL-0001,Unknown,,,25,,2023-12-29,
7NM.F,NORDIC MINING ASA NK -60,Unknown,,,25,,2024-05-13,
7P90.F,TREMOR INTL LTD SP.ADR/2,Unknown,,,25,,2025-03-07,
7RW.F,INTELLEGO TECHNOLOGIES AB,Unknown,,,25,,2026-03-12,
7SE.F,Sunnova Energy International Inc,Unknown,,,25,,2025-12-16,
7TM.F,Fluent Inc,Unknown,,,25,,2024-06-12,
7TQ.F,UPEXI INC. DL -001,Unknown,,,25,,2024-12-03,
7U6.F,CHARGEPOINT HOLDINGS CL.A,Unknown,,,25,,2025-09-25,
7UF.F,VIZIO HLDG.CL.A DL-0001,Unknown,,,25,,2024-12-03,
7UK0.F,BABYLON HLDGS LS-00004226,Unknown,,,25,,2023-09-26,
7UM.F,Ultimovacs ASA,Unknown,,,25,,2025-06-02,
7V7.F,ACTICOR BIOTECH EO 1,Unknown,,,25,,2025-03-07,
7W8.F,THOUGHTWORKS HLD. DL-001,Unknown,,,25,,2024-11-13,
7XN.F,FREYR Battery,Unknown,,,25,,2023-12-29,
7YC0.F,SYNTHOMER PLC UNSP.ADR/4,Unknown,,,25,,2023-12-04,
808.F,Velodyne Lidar Inc,Unknown,,,25,,2023-02-10,
811A.F,111 Inc,Unknown,,,25,,2025-01-31,
81R.F,First Republic Bank,Unknown,,,25,,2023-07-18,
842.F,RECRUITER COM GRP -0001,Unknown,,,25,,2023-10-24,
844.F,DESKTOP METAL INC.,Unknown,,,25,,2024-08-09,
850.F,SMART Global Holdings Inc.,Unknown,,,25,,2025-09-01,
8770.F,ALTUS POWER INC.,Unknown,,,25,,2025-04-16,
87CA.F,Benchmark Metals Inc,Unknown,,,25,,2023-08-24,
89I.F,BRILLIANT ACQUISIT.CORP.,Unknown,,,25,,2023-12-27,
89K.F,OTOVO ASA NK 001,Unknown,,,25,,2026-04-02,
8AV.F,PIVOTREE INC.,Unknown,,,25,,2024-03-26,
8CB.F,CANNARA BIOTECH INC.,Unknown,,,25,,2023-04-13,
8CP.F,Canfor Pulp Products Inc,Unknown,,,25,,2026-03-19,
8DA1.F,Anderson Energy Inc,Unknown,,,25,,2025-06-17,
8DJ0.F,SHARECARE INC. A -0001,Unknown,,,25,,2024-10-22,
8F1.F,First Foundation Inc,Unknown,,,25,,2026-04-01,
8HD.F,ZYTRONIC PLC LS-01,Unknown,,,25,,2025-05-15,
8IN.F,Syneos Health Inc,Unknown,,,25,,2023-09-29,
8J3.F,EBUSCO HOLDING N.V. EO 1,Unknown,,,25,,2024-12-23,
8JO.F,VOLVO CAR AB B,Unknown,,,25,,2024-06-10,
8LG.F,Super League Gaming Inc,Unknown,,,25,,2023-11-08,
8LV.F,Livent Corporation,Unknown,,,25,,2024-03-05,
8MV.F,BIOHARVEST SCIENCES INC,Unknown,,,25,,2024-08-01,
8N1.F,BIOSERGEN AB,Unknown,,,25,,2026-01-29,
8PY.F,PyroGenesis Canada Inc,Unknown,,,25,,2025-01-09,
8QR.F,CONFLUENT INC.A DL-00001,Unknown,,,25,,2026-03-17,
8S3.F,Sphere 3D Corp.,Unknown,,,25,,2026-02-10,
8SW1.F,ARCHER LTD. REG S NEW,Unknown,,,25,,2024-07-05,
8UZ.F,KISTOS PLC LS -01,Unknown,,,25,,2023-04-28,
8W2.F,ARGEO AS NK -10,Unknown,,,25,,2024-08-16,
8W5.F,IMINT IMAGE INTELL. O.N.,Unknown,,,25,,2024-03-12,
8XB.F,Biocartis Group NV,Unknown,,,25,,2026-01-22,
8XC.F,Uniti Group Inc,Unknown,,,25,,2025-10-02,
8XE.F,ENGIE Eps S.A,Unknown,,,25,,2024-12-10,
8ZB.F,SIVOTA PLC LS -01,Unknown,,,25,,2025-08-20,
8ZC.F,FIX PRICE GROUP GDR REG.S,Unknown,,,25,,2024-04-09,
926.F,DELIVEROO PLC,Unknown,,,25,,2025-10-03,
92Y.F,MELTWATER N.V. EO 001,Unknown,,,25,,2023-08-23,
932.F,STEP ENERGY SERVICES LTD.,Unknown,,,25,,2026-02-18,
93M.F,MPH Health Care AG,Unknown,,,25,,2021-01-27,
9880_old.F,EAT + BEYOND GLOBAL HLDGS,Unknown,,,25,,2023-05-09,
9960.F,RENERGEN LTD,Unknown,,,25,,2026-01-07,
9BN.F,BW IDEOL AS NK -10,Unknown,,,25,,2023-12-29,
9BT.F,GoldMoney Inc,Unknown,,,25,,2023-08-23,
9C0A.F,CANGO INC. SP.ADR/2 CL.A,Unknown,,,25,,2025-11-14,
9HY.F,HYPEFACTOR A/S DK -1,Unknown,,,25,,2024-05-17,
9I1.F,IENERGIZER LTD LS -01,Unknown,,,25,,2023-05-26,
9KR.F,XOS INC. A DL-0001,Unknown,,,25,,2024-02-05,
9L2.F,KIN AND CARTA LS-10,Unknown,,,25,,2024-04-26,
9LG.F,LogMeIn Inc,Unknown,,,25,,2023-06-26,
9LK1.F,LIGHTN. EMOTORS DL -0001,Unknown,,,25,,2023-06-27,
9NA.F,A.S.T. GROUPE INH.EO 036,Unknown,,,25,,2025-06-27,
9P6.F,BOAT ROCKER MEDIA INC,Unknown,,,25,,2025-08-05,
9QZ.F,ANEXO GROUP PLC LS-0005,Unknown,,,25,,2025-09-24,
9TB.F,Territorial Bancorp Inc,Unknown,,,25,,2025-04-02,
9W4.F,MIRIS HOLDING AB O.N.,Unknown,,,25,,2025-12-30,
9X1.F,PROCAPS GRP S.A. DL -01,Unknown,,,25,,2025-02-18,
9XA.F,JONIX SPA,Unknown,,,25,,2024-06-21,
9XB.F,FORWARD PARTN.GRP.LS -01,Unknown,,,25,,2024-03-14,
9YF0.F,I.CERAM NAM. EO 2-,Unknown,,,25,,2024-01-05,
9Z0.F,MOFAST AB,Unknown,,,25,,2023-05-29,
A2V5.F,GOLD BULL RESOURCES CORP.,Unknown,,,25,,2023-12-08,
A37A.F,ATENTO SA,Unknown,,,25,,2023-08-02,
A4N1.F,POLESTAR AUTO.ADR/A,Unknown,,,25,,2026-02-09,
A8P0.F,AGILE GRP HLD.UNSP.ADR/50,Unknown,,,25,,2024-11-13,
A8U.F,Argonaut Gold Inc,Unknown,,,25,,2022-07-27,
ABA.F,ALBA SE,Unknown,,,25,,2024-11-26,
AC00.F,BANXA HOLDINGS INC.,Unknown,,,25,,2026-01-06,
ADY.F,Amedisys Inc,Unknown,,,25,,2025-08-15,
AETG.F,Public Joint Stock Company Aeroflot - Russian Airlines,Unknown,,,25,,2022-02-28,
AFR.F,Air France-KLM SA,Unknown,,,25,,2023-10-31,
AFZ.F,Africa Oil Corp,Unknown,,,25,,2025-07-18,
AHD.F,ASHFORD HOSPIT.TRUST,Unknown,,,25,,2024-12-23,
AJ81.F,Agenus Inc,Unknown,,,25,,2024-06-13,
AL0.F,Allegro.eu SA,Unknown,,,25,,2023-08-15,
AL21.F,Allscripts Healthcare Solutions Inc,Unknown,,,25,,2024-03-11,
AOCA.F,Aluminum Corporation of China Limited,Unknown,,,25,,2023-06-29,
APE0.F,ADDEX THERAPEUTICS ADR/6,Unknown,,,25,,2023-12-21,
AQC.F,DATASEA INC. DL-01,Unknown,,,25,,2024-03-22,
AQK.F,Aqua Metals Inc,Unknown,,,25,,2025-01-02,
ARQ.F,Landi Renzo S.p.A,Unknown,,,25,,2025-01-09,
AT2.F,Atara Biotherapeutics Inc,Unknown,,,25,,2024-08-19,
AVU.F,Adverum Biotechnologies Inc,Unknown,,,25,,2024-05-21,
B1T.F,TECHSTEP NK 1,Unknown,,,25,,2023-07-27,
B2C.F,Civitas Resources Inc.,Unknown,,,25,,2026-01-30,
B5O.F,BEST OF THE BEST LS -05,Unknown,,,25,,2023-08-25,
B9P.F,NOVABAY PHARMAC. DL-01,Unknown,,,25,,2024-07-31,
BBQ.F,Beter Bed Holding N.V,Unknown,,,25,,2023-12-29,
BFQ0.F,FG GROUP HOLDINGS DL -01,Unknown,,,25,,2024-02-14,
BG3.F,Big 5 Sporting Goods Corporation,Unknown,,,25,,2025-10-03,
BJO.F,BIO-KEY INTL DL-01,Unknown,,,25,,2024-02-19,
BKP.F,PIRAEUS FIN.HOL. EO 093,Unknown,,,25,,2025-12-17,
BKP0.F,PIRAEUS F.HL.ADR NEW 2021,Unknown,,,25,,2026-01-26,
BMI.F,BP Prudhoe Bay Royalty Trust,Unknown,,,25,,2025-07-04,
BR3.F,NioCorp Developments Ltd,Unknown,,,25,,2023-05-19,
BSK0.F,BR.SCH.ED.HLD.SP.ADR CL.A,Unknown,,,25,,2025-12-17,
BTF.F,Benefitfocus Inc,Unknown,,,25,,2023-01-23,
BZS.F,Beasley Broadcast Group Inc,Unknown,,,25,,2024-11-22,
C1B2.F,Companhia Brasileira de Distribuição,Unknown,,,25,,2025-12-23,
C1U.F,BIT ORIGIN LTD. DL-01,Unknown,,,25,,2023-07-27,
C34.F,CARASENT ASA NK 1332,Unknown,,,25,,2025-02-04,
C4GA.F,China Online Education Group,Unknown,,,25,,2022-12-15,
C6K.F,Cerecor Inc,Unknown,,,25,,2021-08-25,
C8C.F,Consolidated Communications Holdings Inc,Unknown,,,25,,2024-12-30,
CAJ.F,Casino Guichard Perrachon S.A.,Unknown,,,25,,2024-08-14,
CAP.F,Cryptology Asset Group p.l.c,Unknown,,,25,,2023-03-23,
CAXA.F,CALLINEX MINES INC.,Unknown,,,25,,2025-10-28,
CDR.F,Charles & Colvard Ltd,Unknown,,,25,,2024-07-17,
CEI.F,Core Laboratories N.V.,Unknown,,,25,,2023-07-28,
CF3.F,CalAmp Corp,Unknown,,,25,,2024-04-03,
CH2A.F,Lucid Group Inc.,Unknown,,,25,,2025-10-30,
CIA.F,China Eastern Airlines Corporation Limited,Unknown,,,25,,2023-05-08,
CLM.F,Clearside Biomedical Inc.,Unknown,,,25,,2025-11-13,
CNWK.F,co.don AG,Unknown,,,25,,2021-10-19,
COPA.F,COMPUGROUP MED.SP.ADR 1,Unknown,,,25,,2025-06-09,
CP0.F,CAPELLI NOM. EO 684,Unknown,,,25,,2025-10-02,
CPU2.F,CPU Softwarehouse AG,Unknown,,,25,,2026-01-21,
CSX1.F,Credit Suisse Group AG,Unknown,,,25,,2023-06-09,
CU7.F,Quotient Technology Inc,Unknown,,,25,,2023-09-05,
CUL1.F,Aspira Women's Health Inc,Unknown,,,25,,2023-07-12,
CWY.F,CLEARMIND MEDICINE INC.,Unknown,,,25,,2023-12-07,
CY3B.F,Adamis Pharmaceuticals Corporation,Unknown,,,25,,2023-05-19,
CZTA.F,CHECKPOINT THER. DL-0001,Unknown,,,25,,2025-05-30,
D0A.F,DADA NEXUS LTD ADS,Unknown,,,25,,2025-06-16,
D6XV.F,WILDBRAIN LTD VAR VTG,Unknown,,,25,,2026-02-20,
D8S.F,Itau CorpBanca ADR,Unknown,,,25,,2024-02-06,
DC6_old.F,Discovery Inc,Unknown,,,25,,2022-06-09,
DE8.F,Denny's Corporation,Unknown,,,25,,2026-01-21,
DF3.F,Nautilus Inc,Unknown,,,25,,2024-03-21,
DGL.F,Dynagas LNG Partners LP,Unknown,,,25,,2023-03-28,
DMMN.F,NETWEEK S.P.A.,Unknown,,,25,,2023-08-22,
DN8E.F,Dignity PLC,Unknown,,,25,,2023-05-25,
DOA2.F,Soligenix Inc,Unknown,,,25,,2023-02-09,
DQU.F,Dril-Quip Inc,Unknown,,,25,,2024-11-07,
DQW4.F,AMS-OSRAM UNSPON.ADR/1/2,Unknown,,,25,,2024-12-04,
DVL.F,Alliance Pharma plc,Unknown,,,25,,2025-05-14,
DX6.F,The Dixie Group Inc,Unknown,,,25,,2024-10-07,
DY8A.F,DouYu International Holdings Limited,Unknown,,,25,,2024-05-28,
DZV2.F,SMARTSPACE SOFT.PLC LS-10,Unknown,,,25,,2024-04-30,
EB4.F,Eventbrite Inc,Unknown,,,25,,2026-03-10,
EDW0.F,EDP RENOVAV. ADR /2 EO 5,Unknown,,,25,,2026-02-04,
EFT.F,TechTarget Inc,Unknown,,,25,,2024-12-04,
EMGA.F,eMagin Corporation,Unknown,,,25,,2023-10-19,
EP2_old.F,NEXTECH AR SOLUTIONS,Unknown,,,25,,2023-08-14,
ER2N.F,EMCORE Corporation,Unknown,,,25,,2024-05-28,
ET8_old.F,AETERNA ZENTARIS INC.,Unknown,,,25,,2024-06-07,
EWZ.F,Ebix Inc,Unknown,,,25,,2023-12-29,
F1F.F,FARFETCH LTD. CL. A,Unknown,,,25,,2024-01-02,
F2I.F,Flotek Industries Inc,Unknown,,,25,,2023-09-29,
F8B.F,PacWest Bancorp,Unknown,,,25,,2023-11-30,
F8O.F,BLOCK INC. CDI/1/1,Unknown,,,25,,2025-03-24,
FA2.F,FORWARD AIR CORP. DL-01,Unknown,,,25,,2025-08-14,
FAI.F,Finnair Oyj,Unknown,,,25,,2024-05-21,
FI4.F,ENERGY FOCUS INC. DL-0001,Unknown,,,25,,2023-08-18,
FKGD.F,CAPRICO.EN. LS-016153846,Unknown,,,25,,2023-07-14,
FP1.F,Flex Pharma Inc,Unknown,,,25,,2019-07-25,
FP4G.F,FONDUL PRO.GDR REGS LN-85,Unknown,,,25,,2026-01-29,
FQE.F,SILVANO FASHION GR.EO 01,Unknown,,,25,,2023-02-03,
FSQA.F,Five Star Senior Living Inc,Unknown,,,25,,2023-03-17,
FT1.F,FARO Technologies Inc,Unknown,,,25,,2025-07-22,
FUD0.F,SHANGH.FU.MIC.ADR30 HD-10,Unknown,,,25,,2023-09-15,
G1H.F,G1 Therapeutics Inc,Unknown,,,25,,2024-09-18,
G1P.F,Gran Tierra Energy Inc,Unknown,,,25,,2023-07-04,
G23A.F,GLOBALTRANS INV.GDR REG S,Unknown,,,25,,2023-10-23,
G37.F,IERVOLINO ENTERTAINMENT,Unknown,,,25,,2025-05-26,
G6G.F,GrafTech International Ltd,Unknown,,,25,,2025-10-30,
G8P.F,GLOBAL PORTS IN.GDR R.S/3,Unknown,,,25,,2023-04-06,
GBMB.F,Inovio Pharmaceuticals Inc,Unknown,,,25,,2024-03-26,
GCY.F,Aerojet Rocketdyne Holdings Inc,Unknown,,,25,,2023-08-28,
GDGE.F,CGG SA,Unknown,,,25,,2024-09-30,
GDGF.F,CGG SA ADR 1 EO-40,Unknown,,,25,,2024-09-30,
GHDN.F,Brainstorm Cell Therapeutics Inc,Unknown,,,25,,2024-11-29,
GHO.F,Adbri Limited,Unknown,,,25,,2024-06-17,
GLN.F,Glatfelter Corporation,Unknown,,,25,,2024-12-30,
GODA.F,Gold Reserve Inc,Unknown,,,25,,2024-12-05,
GOQN.F,Gol Linhas Aéreas Inteligentes S.A,Unknown,,,25,,2024-08-01,
GQ8.F,Audio Pixels Holdings Limited,Unknown,,,25,,2026-03-04,
GRT1.F,GREENPOWER MOTOR CO. INC.,Unknown,,,25,,2025-09-25,
GSE.F,GSE SYS INC. DL-01,Unknown,,,25,,2023-12-27,
GTQ1.F,Siemens Gamesa Renewable Energy S.A,Unknown,,,25,,2023-02-14,
GTQB.F,SIEMENS GAMESA R.E.ADR1/5,Unknown,,,25,,2023-02-14,
GVM0.F,GURIT HLDG AG NA SF 5,Unknown,,,25,,2024-03-28,
GWN1.F,Cornerstone Capital Resources Inc,Unknown,,,25,,2023-02-28,
GX1N.F,MARKER THERAPEUT. DL-01,Unknown,,,25,,2023-03-29,
H0H1.F,HMS HYDR.MA.+SYS GDR REGS,Unknown,,,25,,2024-04-09,
H2V2.F,Hammerson plc,Unknown,,,25,,2024-11-28,
H6K.F,Synchronoss Technologies Inc,Unknown,,,25,,2024-02-08,
H6K0.F,"Synchronoss Technologies, Inc.",Unknown,,,25,,2026-02-25,
HE3.F,HEALTHIA LTD.,Unknown,,,25,,2023-11-30,
HEC.F,The Herzfeld Caribbean Basin Fund Inc,Unknown,,,25,,2026-02-09,
HG00.F,THG HOLDINGS UNSP.ADR/1,Unknown,,,25,,2025-02-26,
HMO.F,Hino Motors Ltd,Unknown,,,25,,2026-03-31,
HN9.F,Hanesbrands Inc,Unknown,,,25,,2025-12-01,
HP9.F,HUDSON PACIFIC PPT.DL-01,Unknown,,,25,,2026-02-02,
HSKN.F,Heska Corporation,Unknown,,,25,,2023-06-13,
HUL.F,BHS tabletop AG,Unknown,,,25,,2020-11-23,
HUT.F,Hurricane Energy plc,Unknown,,,25,,2023-11-30,
I4P.F,Intercept Pharmaceuticals Inc,Unknown,,,25,,2023-11-08,
II8.F,InterCard AG Informationssysteme,Unknown,,,25,,2023-08-14,
IRVA.F,Integra Resources Corp,Unknown,,,25,,2023-05-26,
IV3.F,Invacare Corporation,Unknown,,,25,,2023-05-16,
IV6.F,KINNEVIK B SK 0025,Unknown,,,25,,2024-08-07,
IV60.F,KINNEVIK A,Unknown,,,25,,2024-08-07,
JA4.F,JAMF HOLDING CORP.DL-001,Unknown,,,25,,2026-02-03,
JL6.F,LIFE SCI.REIT PLC LS -01,Unknown,,,25,,2026-04-17,
JUVE.F,Juventus Football Club S.p.A,Unknown,,,25,,2024-03-21,
JWG1.F,John Wood Group PLC,Unknown,,,25,,2026-03-11,
K26.F,ENIBLOCK EO -01,Unknown,,,25,,2024-03-26,
K2R.F,StarTek Inc,Unknown,,,25,,2024-01-05,
K3S.F,ACUITYADS HOLDING INC.,Unknown,,,25,,2023-08-23,
K8A.F,Kandi Technologies Group Inc,Unknown,,,25,,2024-06-17,
KAH.F,KAHOOT ASA NK -10,Unknown,,,25,,2024-01-22,
KE0A.F,COGNA EDUCACAO SP.ADR 1,Unknown,,,25,,2025-02-14,
KO4.F,KNOT Offshore Partners LP,Unknown,,,25,,2023-02-07,
KO71.F,Sistema Public Joint Stock Financial Corporation,Unknown,,,25,,2022-08-25,
KRY0.F,Glaston Oyj Abp,Unknown,,,25,,2025-06-23,
KV7_old.F,Kværner ASA,Unknown,,,25,,2020-11-10,
LB3A.F,Qurate Retail Inc Series A,Unknown,,,25,,2025-07-24,
LE3.F,LESLIES INC. DL -001,Unknown,,,25,,2025-11-26,
LFL.F,LATAM Airlines Group SA ADR,Unknown,,,25,,2024-09-23,
LGNA.F,Lions Gate Entertainment Corp,Unknown,,,25,,2025-05-06,
LGNB.F,Lions Gate Entertainment Corp,Unknown,,,25,,2025-05-06,
LO91.F,VBI VACCINES INC.,Unknown,,,25,,2023-06-09,
LSRM.F,CEL-SCI CORP. NEW DL-01,Unknown,,,25,,2025-07-18,
LT0A.F,Liberty TripAdvisor Holdings Inc,Unknown,,,25,,2023-11-07,
LT5.F,Lassila & Tikanoja Oyj,Unknown,,,25,,2026-03-03,
LTG.F,Learning Technologies Group plc,Unknown,,,25,,2025-03-31,
LTIA.F,Aptose Biosciences Inc,Unknown,,,25,,2023-06-05,
LVO.F,LivePerson Inc,Unknown,,,25,,2025-12-11,
LWK1.F,EFFECTOR THERAPEU. CL.A,Unknown,,,25,,2024-03-13,
M2A.F,Mesa Air Group Inc,Unknown,,,25,,2023-08-22,
M2M2.F,Nighthawk Gold Corp,Unknown,,,25,,2024-02-08,
M7Q7.F,Micro Focus International PLC,Unknown,,,25,,2023-01-30,
M7Q8.F,Micro Focus International plc,Unknown,,,25,,2023-01-31,
MC8.F,Marathon Gold Corporation,Unknown,,,25,,2024-01-26,
MD6B.F,MD MED.GROUP INV.GDR REGS,Unknown,,,25,,2023-05-22,
MEP.F,Recylex S.A,Unknown,,,25,,2020-05-18,
MGYA.F,MAGYAR TELE.A ADR/5 UF100,Unknown,,,25,,2026-03-23,
MHQ.F,Public Joint Stock Company Magnitogorsk Iron & Steel Works,Unknown,,,25,,2022-06-24,
MI6.F,Midway Limited,Unknown,,,25,,2025-02-06,
MI7.F,MIND Technology Inc,Unknown,,,25,,2023-12-13,
MINA.F,Synlogic Inc,Unknown,,,25,,2023-11-28,
MMIA.F,MEI Pharma Inc,Unknown,,,25,,2023-04-27,
MOPA.F,MONETA GOLD INC.,Unknown,,,25,,2024-04-09,
MS5.F,Super Micro Computer Inc,Unknown,,,25,,2024-12-02,
MV3_old.F,Mincor Resources NL,Unknown,,,25,,2023-07-25,
MVR.F,Medivir AB (publ),Unknown,,,25,,2023-07-17,
N17.F,CLEMONDO GROUP AB,Unknown,,,25,,2025-02-14,
N1O.F,PAO NOVATEK,Unknown,,,25,,2022-02-28,
N4CN.F,Paratek Pharmaceuticals Inc,Unknown,,,25,,2023-09-21,
N7MG.F,"Public Joint Stock Company ""Novolipetsk Steel""",Unknown,,,25,,2022-03-01,
NKZB.F,New York Mortgage Trust Inc,Unknown,,,25,,2023-03-08,
NNIC.F,Public Joint Stock Company Mining and Metallurgical Company Norilsk Nickel,Unknown,,,25,,2022-06-21,
NO0.F,NOVA ROYALTY CORP.,Unknown,,,25,,2023-12-05,
NO3.F,Noodles & Company,Unknown,,,25,,2026-04-20,
NRD.F,Nordstrom Inc,Unknown,,,25,,2025-05-20,
NT1.F,Nam Tai Property Inc,Unknown,,,25,,2020-05-27,
NTQ.F,RICEBRAN TECHNOLOGIES,Unknown,,,25,,2023-11-16,
NTR.F,Spectrum Pharmaceuticals Inc,Unknown,,,25,,2023-08-02,
NZ2.F,HEALTHBEACON EO-0025,Unknown,,,25,,2024-05-28,
NZW2.F,MOLECULAR TEMPLAT.DL-001,Unknown,,,25,,2023-10-11,
O60.F,HIGHL.GL ALLOC.,Unknown,,,25,,2024-11-01,
O6C0.F,MDXHEALTH S.A. ADR,Unknown,,,25,,2023-11-27,
OQH.F,Slater and Gordon Limited,Unknown,,,25,,2023-04-28,
OT1A.F,Orchard Therapeutics plc,Unknown,,,25,,2023-03-08,
OVW.F,Shaftesbury PLC,Unknown,,,25,,2023-03-03,
P5Y.F,BRF S.A,Unknown,,,25,,2025-09-22,
P6J1.F,POLYUS PJSC GDR 1/2,Unknown,,,25,,2023-08-02,
P6NA.F,Acer Therapeutics Inc,Unknown,,,25,,2023-11-09,
P8W.F,WORLDWIDE HEALTH.TR LS-25,Unknown,,,25,,2023-09-26,
P9R.F,Primag AG,Unknown,,,25,,2023-01-27,
PCBK.F,Sesen Bio Inc,Unknown,,,25,,2023-03-07,
PGS1.F,PGS ASA,Unknown,,,25,,2024-07-02,
PH2.F,PROS Holdings Inc,Unknown,,,25,,2025-12-09,
PIJ.F,Platinum Investment Management Limited,Unknown,,,25,,2025-12-03,
PJP.F,X5 Retail Group N.V.,Unknown,,,25,,2024-04-09,
PM6.F,Polymetal International PLC,Unknown,,,25,,2023-08-15,
PM6A.F,POLYMETAL INTL SP.ADR 1/1,Unknown,,,25,,2023-08-23,
PQX1.F,Biotage AB (publ),Unknown,,,25,,2025-07-25,
PRF0.F,MODIVCARE INC. DL-001,Unknown,,,25,,2025-09-01,
PUG.F,Partner Communications Company Ltd,Unknown,,,25,,2023-09-22,
PXLX.F,Pixelworks Inc,Unknown,,,25,,2025-08-07,
QIW.F,QIWI plc,Unknown,,,25,,2024-04-09,
QSOA.F,Surface Oncology Inc,Unknown,,,25,,2023-09-08,
QSV0.F,EDENRED UNSP.ARD 1/2 EO 2,Unknown,,,25,,2025-02-10,
R29B.F,Gulf Resources Inc,Unknown,,,25,,2025-11-26,
R2K.F,Restaurant Group PLC,Unknown,,,25,,2023-12-20,
R2RS.F,Renren Inc,Unknown,,,25,,2024-04-03,
R4L.F,REGIONAL EXPRESS HLDGS,Unknown,,,25,,2025-09-16,
R6G.F,Redfin Corporation,Unknown,,,25,,2025-07-01,
R7Y1.F,CARDIOVASC SYS,Unknown,,,25,,2023-04-28,
RDO.F,Sirius XM Holding Inc,Unknown,,,25,,2024-09-10,
RGH.F,RIGHT ON Co. Ltd,Unknown,,,25,,2026-02-27,
RGI.F,Regis Corporation,Unknown,,,25,,2024-01-29,
RIR.F,Ricardo plc,Unknown,,,25,,2025-10-09,
RL9A.F,Mail.ru Group Limited,Unknown,,,25,,2022-03-01,
RTA1.F,Rite Aid Corporation,Unknown,,,25,,2025-03-17,
RWW.F,Mediaset España Comunicación S.A,Unknown,,,25,,2023-05-03,
S09.F,Sutro Biopharma Inc,Unknown,,,25,,2026-02-03,
S12.F,SPARK POWER GROUP A,Unknown,,,25,,2023-12-08,
S2R.F,PAYFARE INC.,Unknown,,,25,,2025-03-06,
S4AA.F,SMT SCHARF AG NA O.N.,Unknown,,,25,,2024-12-02,
S64.F,Spirit Airlines Inc,Unknown,,,25,,2025-01-17,
S8E.F,GUSBOURNE PLC LS-01,Unknown,,,25,,2025-03-28,
S9Q.F,Spirit AeroSystems Holdings Inc,Unknown,,,25,,2025-12-09,
SBTA.F,Sinclair Broadcast Group Inc,Unknown,,,25,,2023-07-28,
SDW.F,SUPERIOR DRIL.PRO.DL-001,Unknown,,,25,,2024-07-31,
SE80.F,SENESTECH INC. DL-001,Unknown,,,25,,2024-01-16,
SFU1.F,Safeguard Scientifics Inc,Unknown,,,25,,2024-02-26,
SG3.F,SIGMATRON INTL DL-01,Unknown,,,25,,2025-07-28,
SG7.F,Sage Therapeutics Inc,Unknown,,,25,,2025-07-31,
SHI.F,Sinopec Shanghai Petrochemical Company Limited,Unknown,,,25,,2023-03-15,
SPD.F,Superior Industries International Inc,Unknown,,,25,,2025-07-23,
SR4_old.F,ENETI INC. DL-01,Unknown,,,25,,2023-12-28,
SS91.F,Smith Micro Software Inc,Unknown,,,25,,2024-06-10,
SV4.F,SVB Financial Group,Unknown,,,25,,2024-01-02,
SZ71.F,Americas Gold and Silver Corporation,Unknown,,,25,,2025-10-21,
T0J0.F,MFE-MEDIAFOREU. B EO -60,Unknown,,,25,,2023-12-20,
T2N.F,CLEANTECH LITH. LS -01,Unknown,,,25,,2025-01-27,
T4H.F,TreeHouse Foods Inc,Unknown,,,25,,2026-02-11,
T5I0.F,MONDEE HOLDINGS CL.A,Unknown,,,25,,2024-12-17,
T5W.F,Just Eat Takeaway,Unknown,,,25,,2025-11-19,
T81.F,AQUILA ACQ.CORP. CL.A,Unknown,,,25,,2025-03-19,
T8VA.F,TURKIYE VAKIF.BK ADR/10,Unknown,,,25,,2023-07-26,
TA5.F,TARGOVAX ASA NK -10,Unknown,,,25,,2023-12-04,
TAL.F,Taro Pharmaceutical Industries Ltd,Unknown,,,25,,2024-06-21,
TBN2.F,Capstone Green Energy Corp,Unknown,,,25,,2023-10-10,
TBX.F,tick Trading Software AG,Unknown,,,25,,2023-06-21,
TI5.F,TERNIENERGIA,Unknown,,,25,,2024-11-25,
TMD0.F,CVW CLEANTECH INC.,Unknown,,,25,,2025-09-18,
TQ8.F,Theratechnologies Inc,Unknown,,,25,,2023-09-28,
TQJ.F,Signature Bank,Unknown,,,25,,2023-11-02,
TRBA.F,Trinity Biotech plc,Unknown,,,25,,2024-04-24,
TUP.F,Tupperware Brands Corporation,Unknown,,,25,,2024-09-23,
TVAG.F,Trivago NV,Unknown,,,25,,2024-01-17,
TZL.F,TELKOM SA SOC SP. ADR/4,Unknown,,,25,,2023-09-15,
UA1N.F,URBAN ONE INC. D N-VTG,Unknown,,,25,,2026-03-25,
UAVP.F,ORAGENICS INC. DL-001,Unknown,,,25,,2023-03-23,
UGE.F,"urban-gro, Inc.",Unknown,,,25,,2026-02-09,
UMA.F,AS Latvijas Gaze,Unknown,,,25,,2024-07-22,
USI.F,U.S. Silica Holdings Inc,Unknown,,,25,,2024-08-01,
UX01.F,UXIN LTD. ADR/30 CL.A YC1,Unknown,,,25,,2024-03-13,
UXI4.F,Cyclacel Pharmaceuticals Inc,Unknown,,,25,,2024-02-15,
V38.F,ENERGYO SOLUTIONS INVEST,Unknown,,,25,,2023-10-12,
V3I.F,HYON AS NK 1,Unknown,,,25,,2024-09-17,
V7B1.F,Assembly Biosciences Inc,Unknown,,,25,,2021-08-18,
VA21.F,Vapotherm Inc,Unknown,,,25,,2023-10-17,
VE8.F,Manitex International Inc,Unknown,,,25,,2025-01-02,
VG1.F,ECHOS HLDG AG INH O.N.,Unknown,,,25,,2023-08-09,
VI9A.F,Victoria Gold Corp,Unknown,,,25,,2024-09-24,
VMR1.F,Value Management & Research AG,Unknown,,,25,,2025-06-30,
VOX.F,VOXX International Corporation,Unknown,,,25,,2025-04-01,
VPA1.F,AVEO Pharmaceuticals Inc,Unknown,,,25,,2023-01-19,
VQKB.F,ReneSola Ltd,Unknown,,,25,,2025-12-17,
VTY.F,Verint Systems Inc,Unknown,,,25,,2025-11-27,
VX8B.F,Voxeljet Ag,Unknown,,,25,,2024-03-26,
W8NB.F,AQUABOUNTY O.N.,Unknown,,,25,,2023-12-14,
WAB.F,REDBUBBLE LTD,Unknown,,,25,,2024-01-02,
WEM1.F,The Westaim Corporation,Unknown,,,25,,2025-02-28,
WI4B.F,WEICHAI POWER ADR/8 YC 1,Unknown,,,25,,2023-07-14,
WPIA.F,Westport Fuel Systems Inc,Unknown,,,25,,2023-06-05,
WU5.F,WideOpenWest Inc,Unknown,,,25,,2026-01-02,
WUC1.F,Lithium Americas Corp,Unknown,,,25,,2023-12-04,
X5A.F,American Shipping Company ASA,Unknown,,,25,,2025-11-05,
X70.F,PANBELA THERAPEUT. -001,Unknown,,,25,,2023-01-17,
XC2R.F,CAPITAL + REGIONAL LS-01,Unknown,,,25,,2024-12-11,
XHNA.F,Hong Kong Technology Venture Company Limited,Unknown,,,25,,2024-07-23,
XLF.F,XL Fleet Corp,Unknown,,,25,,2023-12-07,
XN6.F,JE CLEANTECH HLDGS LTD,Unknown,,,25,,2023-12-14,
XQB.F,Altra Industrial Motion Corp,Unknown,,,25,,2024-01-03,
XV6.F,ENVIVA INC. DL -001,Unknown,,,25,,2024-11-06,
Y21.F,ENERAQUA TECH.PLC LS-01,Unknown,,,25,,2025-08-25,
Y55.F,PLURI INC.,Unknown,,,25,,2024-05-29,
YJEB.F,CorEnergy Infrastructure Trust Inc,Unknown,,,25,,2023-12-04,
YN2.F,WASTE PLASTIC UPC.DK -01,Unknown,,,25,,2025-02-24,
Z1K.F,TRACTION URANIUM CORP.,Unknown,,,25,,2024-11-25,
ZSV1.F,SSR MINING INC. CDIS/1,Unknown,,,25,,2025-10-31,
1E6.STU,Eagle Pharmaceuticals Inc,Unknown,,,25,,2024-10-04,
1NC.STU,Norwegian Cruise Line Holdings Ltd,Unknown,,,25,,2025-07-14,
35V.STU,VEON Ltd.,Unknown,,,25,,2022-08-03,
39YA.STU,39YA,Unknown,,,25,,2025-06-27,
5CF.STU,Calfrac Well Services Ltd,Unknown,,,25,,2024-02-23,
6LU.STU,6LU,Unknown,,,25,,2022-08-26,
6PM.STU,Paramount Group Inc,Unknown,,,25,,2025-12-18,
7YC.STU,Synthomer PLC,Unknown,,,25,,2023-11-24,
8IF1.STU,Interfor Corporation,Unknown,,,25,,2026-02-04,
A3P.STU,SERICA ENERGY (A3P.SG),Unknown,,,25,,2025-05-06,
B1Z.STU,AND INT.PUBLISHERS (B1Z.SG),Unknown,,,25,,2024-04-09,
B4A1.STU,WALTER MEIER N (B4A1.SG),Unknown,,,25,,2024-01-05,
BKP6.STU,Piraeus Financial Holdings SA,Unknown,,,25,,2025-12-22,
D7A.STU,DELPHI AUTOMOTIVE (D7A.SG),Unknown,,,25,,2025-02-18,
F1D.STU,FLINDERS MINES (F1D.SG),Unknown,,,25,,2023-10-04,
JAN.STU,JAPAN ASIA INVT (JAN.SG),Unknown,,,25,,2024-01-04,
MSAG.STU,MS INDUSTRIE (MSAG.SG),Unknown,,,25,,2023-12-08,
NY6.STU,China Natural Resources Inc,Unknown,,,25,,2021-09-30,
S8N.STU,SEMBCORP MARINE (S8N.SG),Unknown,,,25,,2024-07-05,
VIH.STU,VIB VERMOEGEN (VIH.SG),Unknown,,,25,,2024-05-28,
8110.MU,111 INC. ADR/20 CL.A,Unknown,,,25,,2025-01-23,
ECX.MU,Epigenomics AG,Unknown,,,25,,2023-02-23,
W2R.MU,AS Valmieras stikla skiedra,Unknown,,,25,,2021-06-25,
AV7.HM,AVW Immobilien AG,Unknown,,,25,,2020-02-17,
DIC.HM,DIC Asset AG,Unknown,,,25,,2023-12-01,
FAO2.HM,i:FAO Aktiengesellschaft,Unknown,,,25,,2021-08-31,
TTB.HM,PINGUIN HAUSTECHNIK,Unknown,,,25,,2020-04-21,
