Local_ID,Name,Country,Sector,Bid,Ask
888346,"3 D SYS CORP.     DL-,001",USA,Internet & Software,2.5880 €,2.6140 €
861837,A.P. MOELLER - MAERSK,Denmark,Machinery & Equipment,"2,371.0000 €","2,375.0000 €"
861929,A.P.MOLLER-MAERSK A/S NAVNE-AKTIER A DK 1000,Denmark,Machinery & Equipment,"2,302.0000 €","2,324.0000 €"
919730,ABB N,Switzerland,Electronics & Semiconductors,88.6400 €,88.8800 €
850103,ABBOTT LABS,USA,Healthcare & Medicine,76.0800 €,76.3800 €
A40CV1,ABRASILV. RES.CORP.  O.N.,,,9.2650 €,9.3300 €
A2QDZ9,"AC.SPORT.+OUTD.INC DL-,01",,,44.0000 €,44.2000 €
985331,ACADIA RLTY TRUST  DL-001,,,19.0000 €,19.2000 €
A0B7GP,"ACERINOX SA NOM.  EO -,25",Spain,Mining & Steel,16.9200 €,17.0900 €
A2H62F,"ACM RESEARCH CL.A -,0001",,,81.1000 €,81.4000 €
564723,"ACTIA GROUP SA INH.EO-,75",France,Electronics & Semiconductors,3.8400 €,3.8700 €
A2ATTR,"ACUSHNET HLDGS.CORP -,001",,,84.5000 €,85.0000 €
A2PLR5,"AD.BIOTECH.CORP. DL-,0001",,,15.3050 €,15.3950 €
A3EXC6,ADDEX THERAP.ADR NEW/120,,,5.2000 €,5.2500 €
189900,ADF GRP INC. SV,,,9.1500 €,9.2500 €
A2JD07,ADMICOM OYJ,,,27.3500 €,27.5500 €
A2DSHL,ADTALEM GLOBAL EDUCATION INC. REGISTERED SHARES DL,USA,Various services,110.9000 €,111.1000 €
A0MMEV,"AECOM REGISTERED SHARES DL -,01",USA,Various services,60.0000 €,60.5000 €
A3EVGW,AEGON LTD. NY SHARES 1,,,7.4500 €,7.5500 €
A2PLW7,AEVIS VICTORIA NA    SF 1,Switzerland,Various services,13.5000 €,13.6500 €
A115QU,AF POEYRY AB B FRIA,,,10.4200 €,10.5100 €
A2QL1G,"AFFIRM HLDGS A  DL-,00001",USA,Banking & Finance,57.0100 €,57.2300 €
A3CU0W,"AG MORTG.INV.NEW DL-,01",,,6.7000 €,6.8000 €
929138,"AGILENT TECHS INC. DL-,01",USA,Electronics & Semiconductors,111.3500 €,111.5500 €
890700,"AGREE RLTY CORP. DL-,0001",,,65.4000 €,65.8000 €
A2ANT0,"AHOLD DELHAIZE,KON.EO-,01",Netherlands,Department stores & Retail,36.3600 €,36.4900 €
A1C7F3,AIA GROUP LTD ORD USD1.0,Hongkong,Insurance,8.2330 €,8.3450 €
A12EGF,AIR CANADA (VAR.VTG),Canada,Aircraft & Space,13.2000 €,13.3000 €
854912,AIR PRODS & CHEM,USA,Chemistry,244.7000 €,245.1000 €
A1XBMK,AIRBUS SE /UNSP.ADRS,Netherlands,Aircraft & Space,44.6000 €,45.2000 €
A4270Y,"AKARI THER.ADR/80000 -,01",,,11.5460 €,11.6160 €
A14YJM,ALBERTSONS COS INC.DL-001,,,13.3300 €,13.4100 €
A2DSXM,"ALD EO 1,50",France,Various services,11.7600 €,11.8100 €
A0YDAV,ALGONQUIN POWER + UTILIT.,Canada,Energy & Water,5.1200 €,5.1620 €
A117ME,ALIBABA GR.HLDG SP.ADR 8,China,Internet & Software,97.0000 €,97.5000 €
A2PVFU,ALIBABA GROUP HLDG LTD,China,Internet & Software,12.1300 €,12.2200 €
A2QQFM,ALMAWAVE SPA,,,4.2850 €,4.3000 €
A414Q8,ALMONTY INDUSTRY O.N.,,,15.2250 €,15.3150 €
918312,"ALTEN SAEO 1,05",France,Internet & Software,60.9000 €,61.1500 €
A2DTR8,"ALTICE USA INC. REGISTERED SHARES CL.A DL -,01",USA,Telecommunications,1.1100 €,1.1200 €
918692,AM.AXLE + MFG HLDGS DL-01,USA,Vehicles,5.4500 €,5.5000 €
A1C2FD,AMARESCO INC.CL.A DL-0001,,,24.2000 €,24.3000 €
A41557,AMARIN CORP.ADR NEW 2025,,,13.1000 €,13.2000 €
A3D7MZ,AMC ENTERTAINM.HLD.A  NEW,,,2.0000 €,2.0200 €
A1JBRG,"AMC NETWORKS INC.A DL-,01",USA,Others,8.7000 €,8.7500 €
A40PX2,AMENTUM HLDGS INC. DL1,,,19.6900 €,19.8100 €
850222,"AMER. EL. PWR     DL 6,50",USA,Energy & Water,112.2600 €,112.5000 €
894969,AMER. FINL GRP,USA,Insurance,115.8000 €,116.0000 €
A417ZH,AMERICAN INT.INS GRP O.N.,,,14.7000 €,14.8000 €
A1JRLA,"AMERICAN TOWER DL -,01",USA,Others,161.1000 €,161.4500 €
A0Q9XQ,"AMERICOLD RLTY TR. DL-,01",,,12.4000 €,12.5000 €
A0F55S,"AMERIPRISE FINL    DL-,01",USA,Insurance,396.5000 €,397.3000 €
A1W3P0,AMERN HOME.4 RENT A DL-01,,,28.6000 €,28.8000 €
798185,"AMN HEALTHCARE SVS DL-,01",USA,Healthcare & Medicine,26.6000 €,26.8000 €
A2JLMD,"AMNEAL PHMCTCLS, INC.",,,14.0000 €,14.1000 €
852176,"AMSTERD.COMM.      EO-,45",,,22.7000 €,22.9500 €
A3DUCY,"ANNALY CAP.MGMT   DL -,01",,,19.0050 €,19.1150 €
A0MVDZ,ANTA SPORTS PRODUCTION,Hongkong,Various commercial firms,8.3550 €,8.4540 €
A3C3AG,ANTIN INFRASTR.PRT EO 1,,,9.6700 €,9.7000 €
A2QJPQ,"APARTM.INV. MGMT A DL-,01",USA,Real Estate,2.4800 €,2.5000 €
886255,APETIT OYJ           EO 2,,,10.0000 €,10.1500 €
A2QR0K,"APPLOVIN CORP.A  -,00003",,,428.7000 €,429.5500 €
886413,"APTARGRP INC.      DL-,01",USA,Consumer goods Diverse,101.7000 €,101.9000 €
A0CAPU,"ARBOR RLTY TR.INC. DL-,01",,,4.4980 €,4.5440 €
A3D7B0,"ARCADIA BIOSC.NEW.DL-,001",,,2.5200 €,2.5400 €
A2DRY4,ARCELORMITTAL NY SHS/1 ON,,,61.0000 €,61.5000 €
A2DRTZ,ARCELORMITTAL S.A. ACTIONS NOUVELLES NOMINAT. ON,Luxembourg,Mining & Steel,61.1000 €,61.3000 €
A1H9NG,ARCOS DORADOS HLDGS IND.A,,,7.6400 €,7.7000 €
A116X0,"ARDELYX INC. REGISTERED SHARES DL -,0001",,,4.9350 €,4.9850 €
A2N87U,ARES MNGMT CORP.CL.A,,,116.5000 €,116.7500 €
A3DTTG,ARIS MNG.CORP.,,,13.6900 €,13.7700 €
A3C7YC,"ARISTON HOLD.N.V.  EO-,01",,,3.2100 €,3.2400 €
A2JRL0,"ARLO TECHS INC.   DL-,001",USA,Telecommunications,11.1700 €,11.2300 €
875189,ARR.DIG.INFRASTRUCT. DL 1,,,35.2000 €,35.4000 €
A2QFA4,"ARRAY TECHNOLOGIES -,001",USA,Others,6.7030 €,6.7570 €
A1JU4Y,ARTISAN PART.AS.M.A DL-01,,,30.9800 €,31.1600 €
868730,"ASM INTL N.V.      EO-,04",Netherlands,Electronics & Semiconductors,"1,010.0000 €","1,014.5000 €"
A0X96X,"ASM INTL N.V. NY/1 EO-,04",,,"1,000.0000 €","1,010.0000 €"
A0M6UB,"ASM PAC.TECHN. NEW HD-,10",,,20.0400 €,20.2100 €
A1J85V,"ASML HOLDING NY    EO-,09",Netherlands,Electronics & Semiconductors,"1,610.0000 €","1,620.0000 €"
A3CL8W,"AST SPACEMOBIL.A DL-,0001",,,72.2000 €,72.5000 €
A0HL9Z,AT&T INC.,USA,Telecommunications,20.3100 €,20.3500 €
A142QE,"ATALAYA MNG PLC LS-,075",,,9.3000 €,9.4000 €
866126,ATCO LTD CL. I NON VTG,,,44.6000 €,44.8000 €
A3DLJK,ATLAS COPCO B FR. RED.SHS,,,15.0450 €,15.1900 €
A411MH,ATOS SE NOM.EO 1,,,35.2200 €,35.4800 €
AUM0V1,AUMOVIO SE NA O.N.,,,38.7000 €,39.0500 €
A401UM,"AUTOLIV SDR/1 DL-,01",,,111.1000 €,111.2000 €
A2PG8N,"AVANZA BK HLDG AB SK 0,50",,,34.6800 €,35.0200 €
A12EDV,AXALTA COATING SYSTEM.DL1,Bermudan Islands,Others,28.4000 €,28.6000 €
A3D38R,"AYTU BIOPHARMA  DL -,0001",,,1.8900 €,1.8900 €
A0B6Q3,AZIMUT HLDG S.P.A.,Italy,Banking & Finance,36.5600 €,36.9000 €
A3DLKE,"BACHEM HLDG NA   SF 0,01",Switzerland,Pharma & Cosmetics,71.6000 €,71.9000 €
A0RENB,BALLARD PWR SYS,Canada,Others,3.6620 €,3.6980 €
A0YBKP,BANCO SANT.SPON.ADS/1 UTS,,,4.6800 €,4.7200 €
A2H7JF,"BANDWID.INC. CL.A DL-,001",,,56.0000 €,56.5000 €
858388,BANKAMERICA,USA,Banking & Finance,48.3200 €,48.4200 €
A2P4UM,BANQUE CANTONALE VAUD.SF1,Switzerland,Banking & Finance,129.2000 €,129.6000 €
A40E6D,"BAR.+NO. E. DL-,01",,,9.6000 €,9.6500 €
A2JQ1X,BAUSCH HEALTH COS.,Canada,Pharma & Cosmetics,4.3480 €,4.3920 €
876152,"BCO BIL.VIZ.ARG.ADR EO,-4",Spain,Banking & Finance,20.1000 €,20.2000 €
875773,BCO BILBAO VIZ.ARG.,Spain,Banking & Finance,20.1300 €,20.1700 €
A0MRD4,BCO DE SABADELL,Spain,Banking & Finance,2.8850 €,2.9190 €
A2JLD1,"BE SEMICON.INDSINH.EO-,01",Netherlands,Various services,321.9000 €,324.2000 €
A2H5Z1,BEFESA S.A. ORD. O.N.,Luxembourg,Others,35.4500 €,35.8500 €
A40H9N,"BERKELEY GR.HL LS-,056110",,,39.6000 €,40.0000 €
A0YJQ2,"BERKSH. H.B NEW DL-,00333",USA,Investments & Holdings,421.9000 €,422.3500 €
522130,BERL.EFFEKTENGES.AG O.N.,,,73.5000 €,74.5000 €
A3EQAC,"BGC GROUP INC.A    DL-,01",,,10.2000 €,10.3000 €
A2PX00,BICO GROUP AK B  O.N.,,,1.5020 €,1.5080 €
A2P9T5,"BIGCOMMERCE HLD. 1 -,0001",,,2.3200 €,2.3400 €
A2DS4F,"BILIA AB A FRIA   SK 2,50",,,13.7500 €,13.8500 €
A2PWWA,"BILL.COM HLDGS DL-,00001",USA,Banking & Finance,28.6000 €,28.7000 €
A3D6CB,"BINAH CAP.GRP.CL.A -,0001",,,1.3500 €,1.3700 €
865406,"BIO-RAD LABORATORIES INC. REG. SHARES CLASS A DL-,",USA,Healthcare & Medicine,246.0000 €,246.6000 €
A2DXZH,BIOMERIEUX (P.S.)    O.N.,France,Healthcare & Medicine,67.7000 €,68.4000 €
A2PSR2,BIONTECH SE SPON. ADRS 1,Germany,Biotech & Nanotech,78.2000 €,78.5500 €
850386,BK MONTREAL          CD 2,Canada,Banking & Finance,145.4000 €,145.7000 €
A0MVKA,"BK N.Y. MELLON    DL -,01",USA,Banking & Finance,124.0000 €,125.0000 €
850388,BK NOVA SCOTIA,Canada,Banking & Finance,72.4700 €,72.7600 €
661725,BK OF CHINA (HONGKONG),Hongkong,Banking & Finance,5.2820 €,5.3400 €
A2DR6L,BK OF IRELD GRP      EO 1,Irland,Banking & Finance,17.5500 €,17.6750 €
A40PW4,BLACKROCK FDG INC. O.N.,,,889.6000 €,891.4000 €
A1T90Y,BLACKSTONE MORTGAGE TRUST INC. REG. SHS CL. A DL -,,,15.7900 €,15.8900 €
A3DHXC,BLACKSTONE SECD LEND.FD,,,20.5500 €,20.6700 €
859376,BLOCK -HR- INC.,USA,Banking & Finance,31.4800 €,31.6700 €
A2PPPV,"BLUE OWL CAPITAL   DL-,01",,,9.6310 €,9.7090 €
887771,BNP PARIBAS INH.     EO 2,France,Banking & Finance,96.4500 €,96.7400 €
923203,"BOK FINL CORP.  DL-,00006",,,116.0000 €,117.0000 €
A419U9,"BOLT BIOTHE.NEW DL-,00001",,,5.8100 €,5.8300 €
898161,BOST. BEER CO.INC.A DL-01,USA,Alcohol & Tobacco,157.1000 €,157.4000 €
884113,BOSTON SCIEN CP,USA,Healthcare & Medicine,40.5100 €,40.6700 €
A1J2CL,BOUYGUES UNSP.ADR 1/5/EO1,,,9.9500 €,10.1000 €
850517,BP PLC,Great Britain,Oil & Gas,6.1370 €,6.1700 €
850518,"BP PLC SP.ADR/6 DL -,25",USA,Oil & Gas,36.9000 €,37.1000 €
A1W0FA,BPOST S.A. COMPARTMENT A,Belgien,Transport,1.6920 €,1.7140 €
A41NLS,BQUE CANT.D.GEN.NAM.SF 5,,,36.5000 €,36.9000 €
A2DRA8,BQUE CTLE JURA  NA  SF 14,,,99.0000 €,100.0000 €
900104,"BRADY CORP.N.V.C.A DL-,01",USA,Computer & Network,71.0000 €,71.5000 €
875818,BRANDYWINE RLTY TR. SBI,,,2.7860 €,2.8140 €
A2DUDM,"BRIGHTHOUSE FINANCIAL INC. REGISTERED SHARES DL -,",,,54.0000 €,54.5000 €
264748,"BRINKS CO., THE      DL 1",USA,Others,88.0000 €,88.5000 €
850501,BRISTOL-MYERS SQUIBBDL-10,USA,Pharma & Cosmetics,49.1200 €,49.4200 €
866131,BRITISH AEROSPAC,Great Britain,Aircraft & Space,22.1900 €,22.4300 €
A3D2W7,BRKFLD AS.M.LTD CL.A,,,40.6300 €,40.8700 €
A0MMP1,BROADRIDGE FINL SOL.DL-01,USA,Internet & Software,125.2000 €,125.4000 €
A40WAH,BROOKFIELD INFR.EX.SUB.A,,,34.8400 €,35.0400 €
A40WAG,BROOKFIELD RENEW.CL.A SV,,,31.4100 €,31.7200 €
A1WZCD,BRP INC. SUBORD.VOT. O.N.,,,51.9500 €,52.2500 €
887375,BURE EQUITY NPV,,,24.7800 €,25.0400 €
873741,BURELLE SA NOM.    EO 15,France,Investments & Holdings,406.0000 €,411.0000 €
A14V4U,"BWX TECHS INC.     DL-,01",,,167.4000 €,167.7000 €
A0M4W9,BYD,China,Elektrische Geräte,9.5130 €,9.5330 €
A117Q0,"C.D.DIS.INT.LOG.HD.EO-,20",,,34.1200 €,34.1800 €
876520,CA IMMOB.ANL.,Austria,Real Estate,23.0000 €,23.2000 €
A2P92E,"CAESARS ENTMT INC. DL-,01",USA,Hospitality and Tourism,25.3550 €,25.5050 €
A14UTJ,"CAIRN HOMES (WI) EO -,001",,,2.2350 €,2.2550 €
A2QGVC,"CALIFORNA RESOURC. DL-,01",,,50.5200 €,50.8200 €
985335,"CAMDEN PTY TR. SBI DL-,01",USA,Real Estate,99.0000 €,99.5000 €
858397,CANADIAN TIRE CORP.LTD.CL,Canada,Department stores & Retail,115.1000 €,115.7000 €
893413,"CAPITAL ONE FINL   DL-,01",USA,Banking & Finance,159.0000 €,159.3000 €
923189,CAPITAL STHWEST CORP.DL 1,,,20.3200 €,20.4200 €
A3CNAX,"CAPTOR THHERAP.  ZY-,10",,,18.5800 €,18.6400 €
A2PKMF,CARGOJET INC. VAR VTG,,,51.0000 €,51.5000 €
A2DX5H,"CARGURUS INC. REGISTERED SHS CL.A DL-,001",USA,Internet & Software,23.4000 €,23.6000 €
A2P1UY,"CARRIER GLBL CORP  DL-,01",USA,Others,60.3800 €,60.5000 €
777514,CARTER S INC.,USA,Textiles & Clothes,36.8000 €,37.2000 €
910249,CASELLA WASTE SYSTEMS INC. REG.SHARES CLASS A DL -,,,77.1200 €,77.4200 €
885039,CASEY'S GENL STORES,USA,Department stores & Retail,773.0000 €,774.6000 €
A0ERJT,"CATANA GROUP SA IN.EO 0,5",France,Hospitality and Tourism,2.2350 €,2.2500 €
918957,CATER. INTL SVCS-CISINH.,,,17.8500 €,18.0500 €
A3ETW1,CATERP.INC CDR CIBC REG.S,,,40.2000 €,40.8000 €
A1CZTX,"CBOE GLOB.MKTS INC.DL-,01",USA,Banking & Finance,255.2000 €,256.0000 €
A3CWG0,"CCC INT.SOL.HLDG.DL-,0001",,,3.9800 €,4.0200 €
869653,CCL IND. INC. CL.-B-,Canada,Others,51.5000 €,52.0000 €
602282,CDN APARTMENT PROP. REAL,,,22.0050 €,22.1950 €
865114,CDN NAT. RES LTD,Canada,Resources,39.1200 €,39.3600 €
868439,CDN UTILITIES LTD A,Canada,Energy & Water,31.7800 €,32.1600 €
906379,"CECO ENVIRONMTL    DL-,01",,,83.4800 €,83.8200 €
A14RZD,CELLNEX TELECOM SAU,Spain,Telecommunications,28.7500 €,28.8500 €
A2PS9R,CEMENTIR HOLDING N.V. EO1,,,15.4800 €,15.6100 €
925905,CEMEX SAB.CPO SP.ADR/10,Mexiko,Construction & Construction Materials,11.2000 €,11.3000 €
A2QRX9,CERES POWER HLD(UNSP.ADR),,,3.3200 €,3.3600 €
A0ES9N,"CF INDS HLDGS      DL-,01",USA,Resources,94.4600 €,94.8400 €
A2PDWM,CGI INC. A SV,Canada,Internet & Software,57.5200 €,57.7600 €
A415NW,CHAGEE HOLDINGS ADS,,,10.4000 €,10.5000 €
A40E2T,"CHIMERA INV.NOV 23 DL-,01",,,11.5000 €,11.6000 €
909622,CHINA MOBILE LTD.,,,8.4550 €,8.5550 €
850576,CIBC,Canada,Banking & Finance,97.8900 €,98.2900 €
905176,CIE DES ALPES (CDA),France,Real Estate,22.7500 €,22.9000 €
878440,CINCINNATI FINL      DL 2,USA,Insurance,145.9500 €,146.2500 €
A3EMDE,"CINEVERSE CORP.    DL-,01",,,2.4400 €,2.4400 €
A41CUN,"CIRSA ENTER.ACT.SP.EO-,50",,,12.5600 €,12.6400 €
895929,CLARIANT NA,Switzerland,Chemistry,8.1200 €,8.1500 €
A41YK5,CLEARMIND MEDI.INC.O.N.,,,1.0600 €,1.0700 €
A2P85S,"CLOUDBERRY CL.EN. NK -,25",,,1.0400 €,1.0540 €
A2JEX2,"CM.COM N.V.        EO,-06",,,6.8200 €,6.8700 €
A0ER78,COFFEE HLDG CO.INC.DL-001,,,3.4000 €,3.4200 €
A2QP7J,"COINBASE GLB.CL.A -,00001",USA,Banking & Finance,138.1200 €,138.4000 €
A14UB1,COLLIERS INTL GRP INC. SV,Canada,Real Estate,84.0000 €,84.5000 €
A2PFNM,COMER INDS S.P.A.,,,49.7000 €,50.2000 €
A2DNSP,COMET HLDG AG NA    SF  1,Switzerland,Others,413.2000 €,415.2000 €
A0B7E5,"COML VEHICLE GROUP DL-,01",,,4.6400 €,4.7000 €
859672,COMMERCE BANCSHS INC. DL5,USA,Banking & Finance,48.2000 €,48.4000 €
A2DY1Q,"COMPASS ADR/1 NEW LS -,10",,,29.0000 €,29.4000 €
A2DR6K,"COMPASS GROUP PLC REGISTERED SHARES LS -,1105",Great Britain,Hospitality and Tourism,29.4400 €,29.6800 €
A2QR0H,"COMPASS INC.CL.A -,00001",,,7.4000 €,7.4600 €
A1405G,COMSTOCK HLDG COS A DL-01,,,13.5000 €,13.6000 €
A1XAEC,"CONSUN PHARMAC.GR.HD -,10",,,1.5100 €,1.5300 €
A418NB,CONT.AMPEREX TECH. A HD 1,,,74.4100 €,74.9200 €
A402VX,COOPER COS. INC. O.N.,,,58.5700 €,58.8100 €
A1H5BU,"COOPER STANDARD HL.DL-,01",,,25.4000 €,25.5400 €
A2PL1S,COUSINS PTIES INC.   DL 1,,,25.0000 €,25.2000 €
893229,"COVENANT LOG.GRP.A DL-,01",,,39.2000 €,39.4000 €
913709,CPH GROUP AG NAA,,,61.2000 €,61.8000 €
884343,CRED. ACC. CORP.,,,472.0000 €,474.0000 €
A0MRKW,CRED.AG.M.D.LANGUEDOC CCI,,,98.3300 €,99.1200 €
A0MUJB,CRED.AGR.BRIE P.CCI N.EO5,,,37.7400 €,37.9950 €
887537,CRED.AGR.ILE FR.CCI  EO 4,,,121.5800 €,122.2800 €
692139,CRED.AGR.M.ATL.VEND. NOM.,,,178.2400 €,179.9200 €
792678,CRED.AGR.M.LOI+H.CCI NOM.,,,119.6600 €,120.6400 €
792682,CRED.AGR.M.NORM.CCI NOM.,,,177.2200 €,179.8200 €
792686,CRED.AGR.M.RHONE CCI NOM.,,,250.3000 €,252.3500 €
A2JR4R,CREEPY JAR S.A. ZY 1,,,121.0000 €,122.0000 €
A1W5UR,"CRITEO SA SP.ADR1 EO-,025",,,15.3000 €,15.4000 €
A2PK2R,"CROWDSTRIKE HLD. DL-,0005",USA,Internet & Software,589.0000 €,590.2000 €
A12GN3,CROWN CASTLE INTERNATL CORP.,USA,Telecommunications,79.5000 €,80.0000 €
A2QHDC,CTO REALTY GROWTH NEW DL1,,,18.1800 €,18.2900 €
922406,CUMULEX N.V. B,,,1.3100 €,1.3100 €
A2QFQU,"CURIOSITYSTREAM A -,0001",,,2.1800 €,2.2000 €
A1WZCH,CUSTOMERS BANCORP VTG DL1,,,67.0000 €,67.5000 €
A40B55,CVC CAP. PART. GBP  O.N.,,,12.9400 €,13.0000 €
A3EM26,D AMICO INTL SHIP.SA,,,7.5300 €,7.6400 €
A3DSV9,"D-WAVE QUATUM    DL-,0001",,,20.1300 €,20.2200 €
A1H5AN,D'IETEREN GROUP P.S.,Belgien,Others,169.6000 €,169.9000 €
A41YEV,DATAGROUP SE NA. O.N.,,,74.7000 €,75.3000 €
A1J5S8,DAVE & BUSTER S ENTERTAIN.INC. REGISTERED SHARES D,USA,Others,11.1000 €,11.2000 €
A2N6WP,"DELL TECHS INC. C  DL-,01",USA,Computer & Network,341.8500 €,342.5000 €
850857,DEN DANSKE BANK,Denmark,Banking & Finance,45.2500 €,45.6100 €
A2QRZ4,"DIGITALOCEAN HLD.-,000025",USA,Internet & Software,148.8500 €,149.1500 €
915210,DO + CO AG,Austria,Hospitality and Tourism,204.5000 €,206.5000 €
932798,DOMINION RESOURCES,USA,Energy & Water,58.5600 €,58.7800 €
A2QHEA,"DOORDASH INC.CL.A -,00001",,,129.7800 €,130.0400 €
A41HBK,"DORMAKABA HLDG NA.SF 0,01",,,56.2000 €,56.6000 €
A2QJP8,DOTTIKON ES HLDG NAM.,Switzerland,Chemistry,315.5000 €,317.5000 €
A1CVGB,"DOUGLAS DYNAMICS INC. REGISTERED SHARES DL -,01",,,40.6000 €,41.0000 €
A4081R,DOUYU INTL SPONS.ADRS ON,,,4.2600 €,4.3200 €
A0MXRT,DRDGOLD LTD. RC 1 ADR/10,,,20.2000 €,20.4000 €
A2QL6Z,"DRIVEN BRANDS HLDG.DL-,01",,,11.5000 €,11.6000 €
A0MRDY,DSV PANALPINA BONUS-AKT.,Denmark,Transport,214.8000 €,215.8000 €
A417BU,EASTERLY GOVT P. NEW O.N.,,,20.8000 €,21.0000 €
985160,"EASTGRP PTIES   DL -,0001",USA,Real Estate,177.0000 €,178.0000 €
914506,"EBRO FOODS NOM. EO -,60",Spain,Food,18.0800 €,18.1400 €
A3CWAH,EL.EN. S.P.A.,,,16.4100 €,16.5600 €
A2PFD8,ELLINGTON FINL INC.,,,11.8000 €,11.9000 €
A1T940,ELLINGTON RESID.MTG SBI,,,4.0000 €,4.0400 €
A3CRSE,"ELOPAK AS NK -69,75584",,,3.1900 €,3.2150 €
A403M5,"EMEIS ACT.NOM.    EO 10,-",,,14.0400 €,14.2400 €
A2PZ6B,"EMERALD HLDG INC.  DL-,01",,,4.3200 €,4.3600 €
A0LC2W,"EMERGENT BIOSOLNS DL-,001",USA,Pharma & Cosmetics,7.1400 €,7.2000 €
593186,EMS-CHEMIE HLDG NAM.SF-01,Switzerland,Chemistry,758.5000 €,762.0000 €
885427,ENBRIDGE INC.,Canada,Oil & Gas,48.7750 €,49.0650 €
A0MQWE,"ENCE ENERGIA+CELUL.EO-,90",,,2.4220 €,2.4540 €
A3D3XJ,ENDOMINES FINLAND OYJ EO1,,,8.5500 €,8.5900 €
906980,ENERGIAS PORTUGUES,Portugal,Energy & Water,4.4670 €,4.4820 €
A3EJMU,ENERGY FOCUS INC. DL-0001,,,3.1000 €,3.1200 €
A3DEVQ,"ENERGY VAULT H.A DL-,0001",,,3.7020 €,3.7400 €
A3CSM9,ENVIPCO HLDG CVA B,,,4.0300 €,4.0650 €
A14M21,"EQUINIX INC.      DL-,001",USA,Computer & Network,911.8000 €,913.8000 €
985334,"EQUITY RESI. SBI   DL-,01",USA,Real Estate,58.0600 €,58.2800 €
857463,ERICSSON A (FRIA),Sweden,Telecommunications,10.6400 €,10.7200 €
850001,ERICSSON B (FRIA) SK 1,Sweden,Telecommunications,10.6350 €,10.6800 €
909943,ERSTE GROUP BNK INH. O.N.,Austria,Banking & Finance,107.3000 €,108.2000 €
A1W1SJ,ESPER.THERAP.(NEW) DL-001,,,2.7160 €,2.7440 €
A2PZEK,"ESSENTIAL UTILIC.  DL-,50",USA,Environment & Recycling,32.3300 €,32.5300 €
863195,"ESSILORLUXO. INH. EO -,18",France,Healthcare & Medicine,184.5500 €,185.0500 €
A2DS2Z,ESSITY AB NAMN-AKTIER A,,,24.4000 €,24.4500 €
A2DS20,ESSITY AB NAMN-AKTIER B,Sweden,Pharma & Cosmetics,24.4000 €,24.4200 €
897933,"ESTEE LAUDER COS A DL-,01",USA,Pharma & Cosmetics,77.2600 €,77.5800 €
A3EVYK,EURO TELESITES AG INH.,,,4.6700 €,4.7100 €
905247,"EURONET WW.        DL-,02",,,57.4600 €,57.7000 €
A0HGPT,EUTELSAT COMMS       EO 1,France,Telecommunications,2.9240 €,2.9530 €
A2PK19,"EVOLUTION AB (PU) SK-,003",,,66.3600 €,67.0400 €
590273,Exact Sciences Corp.,USA,Biotech & Nanotech,90.6300 €,90.8100 €
A3DJ8F,"EXCELERATE ENER.A DL-,001",,,29.5000 €,29.7000 €
A2DHZ4,EXOR N.V. AANDELEN AAN TOONDER O.N.,Netherlands,Banking & Finance,66.8000 €,67.0500 €
875272,EXPEDITORS INTL WASH.DL01,USA,Transport,143.6500 €,143.9500 €
855598,"F.S.D.V. INH.    EO 15,50",,,18.4000 €,18.6000 €
922977,F5 NETWORKS INC. O.N.,USA,Internet & Software,341.9000 €,342.6000 €
901629,"FACTSET RESH SYS   DL-,01",USA,Banking & Finance,208.3000 €,208.7000 €
A0M103,FAGRON N.V. PORT.,Netherlands,Healthcare & Medicine,24.7000 €,24.9000 €
899676,FAIRFAX FINL HLDGS SV,Canada,Banking & Finance,"1,389.0000 €","1,406.0000 €"
A3DM8U,"FASTIG.AB BALD. B SK 0,16",,,4.7180 €,4.7570 €
A2PH9T,"FASTLY INC. CL.ADL-,00002",USA,Internet & Software,15.9400 €,16.0400 €
865508,FDK CORP.,,,2.7400 €,2.7600 €
856099,FED.NATL MTGE ASS.,USA,Banking & Finance,5.6000 €,5.6400 €
914304,FEDERATED HERMES,USA,Banking & Finance,50.0000 €,50.5000 €
905428,FEINTOOL INTERNATIONAL HOLDING AG (N) (FIH),Switzerland,Machinery & Equipment,10.5000 €,10.6000 €
A1166U,FIDELITY NATL FINL. FNF,USA,Insurance,41.4000 €,41.6000 €
A40ET8,FINEXITY AG NA O.N.,,,36.0000 €,36.4000 €
925298,FIRST CITIZ.BCSHS A   DL1,,,"1,820.0000 €","1,830.0000 €"
923774,"FIRST FIN. BANKSHS DL-,01",,,29.0000 €,29.2000 €
904604,FIRST QUANTUM MINLS,Canada,Resources,26.7450 €,27.0500 €
A0LEKM,"FIRST SOLAR INC. D -,001",USA,Others,231.5000 €,232.0000 €
A2DRG8,FIVE PT.HLDGS CL.AREP.,,,4.4400 €,4.4800 €
A40G3V,FLAGSTAR FINANCIAL,,,12.8800 €,12.9600 €
A2DQHZ,"FLOOR + DECOR CL.A -,001",,,46.2000 €,46.4000 €
A3C6A3,"FLUENCE ENER. CL.A-,00001",,,20.5500 €,20.6500 €
A2AJEP,FLUGHAFEN ZÜRICH,Switzerland,Various services,255.0000 €,256.0000 €
915671,FOM.ECO.MEX.S.D.CV ADR/10,,,112.0000 €,113.0000 €
883790,FOMENT.CON.CONTR.INH.EO 1,Spain,Construction & Construction Materials,11.6400 €,11.6800 €
A0MLBG,"FONCIERE INEA SA EO 14,39",,,32.9000 €,33.2000 €
A2AJSS,FOR FARMERS BV       EO 1,Netherlands,Others,6.3700 €,6.4200 €
A4224U,FOR.PWR.SOL.INC. O.N.,,,51.3000 €,51.5000 €
A41M8H,"FORUM MARKETS NEWDL-,0001",,,4.6000 €,4.6600 €
A1W2J8,"FOX FACTORY HLDG  DL-,001",,,15.5850 €,15.6750 €
A2AA65,FRANCAISE L'ENERGIE  EO 1,,,39.2000 €,39.7000 €
896476,FREE MCMORAN COP,USA,Others,59.1600 €,59.4000 €
A0LB74,"FUEL TECHS INC.    DL-,01",,,1.1540 €,1.1660 €
861402,FULLER -H.B. CO.     DL 1,USA,Chemistry,54.5000 €,55.0000 €
A0LB24,GALP ENERGIA SGPS NOM.EO1,Portugal,Oil & Gas,18.9650 €,19.1450 €
A3CVT3,GAMBLING.COM GRP  ON,,,2.0600 €,2.0800 €
A1W6DM,GAMING & LEISURE PROPERTIES REGISTERED SHARES DL -,,,40.8900 €,41.1300 €
A1XEHR,"GAZTRANSP.TECHNIG.EO-,01",France,Various services,203.0000 €,203.8000 €
873222,GBL SA,Belgien,Investments & Holdings,80.5000 €,80.5500 €
A2ANH9,"GENCO SHIP.+TRDG   DL-,01",,,20.7400 €,20.8600 €
850312,GENERAL ASIC,Italy,Insurance,40.9800 €,41.1100 €
853862,"GENL MILLS        DL -,10",USA,Food,29.6400 €,29.7600 €
A0CA8M,"GENWORTH FIL CL.A DL-,001",USA,Banking & Finance,7.6500 €,7.7000 €
A3DHG1,"GEORG FISCHER NA  SF 0,05",Switzerland,Machinery & Equipment,47.1800 €,47.4000 €
929043,"GETTY RLTY CORP.   DL-,01",,,28.8400 €,28.9000 €
A2PUD4,GFL ENVIRONM.(SUB.VT.SH.),,,31.0000 €,31.4000 €
A3DGB0,GJENSIDIGE FORSI.UNSP.ADR,,,23.4000 €,23.6000 €
A3C6AF,"GLOBALFOUNDR. INC. DL-,02",,,70.5800 €,70.8600 €
A117M8,"GLOBANT SA NOM.   DL 1,20",,,32.5500 €,32.7500 €
A1J2LY,"GLOBUS MED.A NEW DL -,001",,,69.3600 €,69.6400 €
A0LCTL,"GOLD RES CORP.    DL-,001",,,1.0460 €,1.0560 €
920332,GOLDMAN SACHS,USA,Banking & Finance,917.4000 €,919.2000 €
A3C8H0,GRAB HOLDINGS LTD CL.A,,,2.8430 €,2.8700 €
A0B5PL,GRAFTON GROUP PLC UTS,Irland,Construction & Construction Materials,10.0960 €,10.2380 €
A0NGSQ,"GRAPHIC PACK.HLDG  DL-,01",,,9.2000 €,9.2500 €
870191,GRAUBUEND.KT.BK PS SF 100,Switzerland,Banking & Finance,"2,380.0000 €","2,400.0000 €"
891600,"GREENBRIER COS    DL-,001",,,41.6000 €,41.8000 €
A14WGE,"GRENERGY RENOVALBL.EO-,15",,,119.6000 €,120.8000 €
A2ABZN,"GRIFOLS SA PREF. B EO-,05",,,6.6400 €,6.7000 €
910163,"GROUP 1 AUTOM.     DL-,01",USA,Vehicles,280.0000 €,282.0000 €
A2DPT0,GUOTAI HAITONG SEC.H  YC1,,,1.6000 €,1.6200 €
880442,H+H INTL NAM. B     DK 10,,,12.2200 €,12.3000 €
A1T9C5,HA SUST.INFRA.CAP   DL-01,,,33.0000 €,33.2000 €
A2JM2W,HAIER SMART HOME CO.D YC1,China,Elektrische Geräte,1.8986 €,1.9030 €
864247,HAL TR. UNITS,Bermudan Islands,Others,168.2000 €,169.2000 €
864439,"HARMONY GD MNG ADRRC,-50",,,13.7000 €,13.8000 €
898521,HARTFORD FINL SVCS GRP,USA,Insurance,111.9500 €,112.1500 €
854693,"HECLA MNG          DL-,25",,,13.2250 €,13.2750 €
A0YBCH,"HEIJMANS NV CVA    EO-,30",Netherlands,Others,111.2000 €,111.7000 €
A3CMPQ,HEIMSTADEN AB PR.SHS O.N.,,,1.9350 €,1.9600 €
A0ETXG,"HEINEKEN HLDG     EO 1,60",Netherlands,Alcohol & Tobacco,63.9000 €,64.2000 €
A2PKFK,"HELVETIA HLDG NA  SF 0,02",Switzerland,Insurance,221.8000 €,222.2000 €
872318,HENNES U MAURITZ,Sweden,Department stores & Retail,15.6900 €,15.7850 €
A3CMTD,HEXAGON AB B FRIA O.N.,Sweden,Internet & Software,7.2380 €,7.2900 €
A3DNLJ,HEXATRONIC GROUP AB AK,,,3.8510 €,3.8910 €
A113S6,HIAG IMMOBIL.HLDG NA.SF 1,Switzerland,Real Estate,150.0000 €,151.0000 €
A2QMYY,"HIMS+HERS HERS A DL-,0001",,,23.0400 €,23.1600 €
A2PTXS,"HOFFMANN GR.CEM.TEC. 1,-",,,4.1350 €,4.1800 €
870153,HONEYWELL INTL DL1,USA,Others,190.8400 €,191.2400 €
A0NJY9,HONGKONG EXCH. (BL 100),Hongkong,Banking & Finance,42.1150 €,42.3900 €
A3ERKJ,"HOWRD.HG.HL.INC NW DL-,01",,,57.7000 €,57.9000 €
A142VP,"HP INC            DL -,01",USA,Computer & Network,21.7800 €,21.8600 €
867622,"HUNTINGTON BANCSHS DL-,01",USA,Banking & Finance,15.0360 €,15.1260 €
A3EUR0,"HYCROFT MNG HLD  DL-,0001",,,22.1800 €,22.3200 €
A3CQZU,"IAC INTERACTIVEC.DL-,0001",USA,Others,36.7300 €,36.9500 €
888210,"IDEXX LABS INC.    DL-,10",USA,Biotech & Nanotech,484.4000 €,485.4000 €
919537,IEP INVEST S.A.,,,5.0000 €,5.0500 €
A0EARV,IG GROUP HOLDINGS PLC,Great Britain,Banking & Finance,22.6600 €,23.0000 €
861219,ILLINOIS TOOLWORKS,USA,Machinery & Equipment,222.4000 €,222.9000 €
851898,IMERYS SA INH.       EO 2,France,Construction & Construction Materials,22.3000 €,22.3400 €
A2QNWU,IMMUNOCORE HLDGS ADS/1,,,25.0000 €,25.2000 €
A2DTD8,IMMURON LTD SPON.ADR 40,,,1.0300 €,1.0400 €
A0JEGJ,"IMPLENIA AG NA    SF 1,02",Switzerland,Construction & Construction Materials,74.0000 €,74.3000 €
A2JBRN,"IND.LOG.PROP.TR. DL -,01",,,7.7500 €,7.8000 €
A0M5Y3,IND+INFRSTR.FD INVT CORP.,,,765.0000 €,775.0000 €
889710,"INDIA FD INC.     DL-,001",,,9.4520 €,9.5280 €
877360,INDUSTRIV. C,,,46.0300 €,46.2600 €
A2PCBU,INMUNEBIO INC.,,,1.0750 €,1.0850 €
A42DTV,INNIO HOLDING GMBH O.N.,,,28.1350 €,28.3050 €
A2DGXH,"INNOVATIVE IND PR. -,001",,,52.2000 €,52.4000 €
A1XDU6,"INSTAL.BLDG PRODS DL -,01",,,178.0000 €,179.0000 €
897013,"INTEGR.LIFES.HLDGS DL-,01",USA,Biotech & Nanotech,15.3000 €,15.4000 €
A3CSVV,INTELLEGO TECHNOLOGIES AB,,,4.0900 €,4.1450 €
907155,INTERROLL HOLDING AG,Switzerland,Various services,"1,472.0000 €","1,480.0000 €"
A2DQG7,INTL PET. CORP.,,,21.4200 €,21.7200 €
A3CMTF,INVESTOR A (FRIA)  O.N.,,,34.3400 €,34.6900 €
A3CMTG,INVESTOR B (FRIA)  O.N.,Sweden,Others,34.8000 €,34.9750 €
A0B7BR,INVISIO COMMUNIC. AB SK 1,,,22.2800 €,22.3800 €
A3E00M,IONOS GROUP SE NA O.N.,,,26.6600 €,26.8200 €
A0ESMG,IPSEN S.A. PORT.  EO 1,France,Biotech & Nanotech,156.8000 €,157.6000 €
A2JSPM,"IQVIA HOLDINGS INC. REGISTERED SHARES DL -,01",USA,Pharma & Cosmetics,156.7000 €,157.0500 €
A0YB48,"IRIDIUM COMCTNS DL-,001",,,40.8000 €,41.0000 €
A0X789,"IRONWOOD PHARMA.A DL-,001",USA,Pharma & Cosmetics,3.1400 €,3.1800 €
677459,ITWAY SPA,,,1.0200 €,1.0350 €
A3EHQ7,"IZEA WLDWIDE NEW DL-,0001",,,3.1200 €,3.1400 €
916221,J TRUST CO. LTD.,,,2.0400 €,2.0600 €
A3CY1L,"JACKSON FNCL CL.A  DL-,10",,,93.7800 €,94.1600 €
A3DTNN,JACOBS SOLUTIONS INC. DL1,,,109.0000 €,110.0000 €
A41ARP,"JBS N.N.         EO -,01",,,10.8050 €,10.8750 €
A112ST,JD.COM SP.ADR A1 DL-00002,China,Internet & Software,24.7000 €,24.8000 €
A2P5N8,JD.COM. INC. A,,,12.2980 €,12.4560 €
A2JMVU,JEFFERIES FINL GRP   DL 1,USA,Investments & Holdings,53.2000 €,53.4200 €
A2DKYC,"JELD-WEN HLDG INC. DL-,01",,,1.5220 €,1.5380 €
541867,"JETBLUE AWYS CORP. DL-,01",USA,Aircraft & Space,4.3080 €,4.3520 €
850628,JP MORGAN CH. DL 1,USA,Banking & Finance,276.8500 €,277.2000 €
878925,"JP SM.CAP.FD       DL-,10",,,9.9380 €,10.0080 €
A2PZHU,JTOWER INC.,,,22.4000 €,22.6000 €
888962,K S HOLDINGS CORP.,,,10.9000 €,11.0000 €
A2QD9Y,KASPI.KZ (SP.GDR REG.S)/1,,,69.4000 €,69.8000 €
A2AAD8,KB WALLIS NAM.      SF 10,Switzerland,Banking & Finance,171.0000 €,173.0000 €
A2DNR8,KIMBELL RTY PARTNERS L.P.,,,13.1500 €,13.2300 €
A114V1,KINEPOLIS GRP SA,Belgien,Hospitality and Tourism,33.3000 €,33.4000 €
A1187P,KITE REALTY GRP SBI DL-01,USA,Real Estate,25.2000 €,25.4000 €
A2JNTA,KLINGELNBERG AG NA    SF5,Switzerland,Machinery & Equipment,13.4000 €,13.5000 €
A1XD6Z,"KNOWLES CORP. REGISTERED SHARES DL -,01",,,34.2000 €,34.4000 €
A143XZ,KOFOLA CESKOSLOVE. KC 50,,,21.4500 €,21.7000 €
A429K5,KON.MAR.A. NK10,,,4.8420 €,4.8800 €
A0ET4X,KONE,Finland,Machinery & Equipment,48.6500 €,48.9000 €
A41BLY,"KONGSBERG GRUPPEN NK 0,25",,,26.7800 €,26.9600 €
A0JMJ1,"KONINK.BAM GP TOON.EO-,10",Netherlands,Construction & Construction Materials,11.3400 €,11.4000 €
A0YAND,KRATOS DEF.+SEC.NEW DL001,USA,Aircraft & Space,49.9200 €,50.1200 €
A2PM3H,"L3HARRIS TECHS INC.DL-,01",USA,Telecommunications,266.1000 €,266.6000 €
A1XD2P,"LADDER CAPITAL CORP. REGISTERED SHS CL.A DL -,001",,,8.8500 €,8.9000 €
869898,LAFARGEHOLCIM LTD.,Switzerland,Construction & Construction Materials,80.5200 €,80.9400 €
866786,"LAGARDERE NOM.    EO 6,10",France,Others,18.7200 €,18.9000 €
A2QEJ6,LAGERCRANTZ GROUP SER.B,,,22.5400 €,22.7000 €
910216,LAURENTIAN BK OF CDA,,,24.8000 €,25.0000 €
A2P5AH,LEGEND BIOTECH SP.ADS/2,,,31.2000 €,31.4000 €
A0F657,LEM HOLDING S.A.,Switzerland,Elektrische Geräte,459.5000 €,461.5000 €
851022,"LENNAR CORP.A      DL-,10",USA,Construction & Construction Materials,77.9400 €,78.2400 €
924838,"LENNOX INTERNATIONAL INC. REGISTERED SHARES DL -,0",USA,Machinery & Equipment,442.4000 €,443.2000 €
894983,"LENOVO GROUP HD-,025",Hongkong,Computer & Network,2.4550 €,2.4700 €
570796,"LEROY SEAFOOD GRP NK 0,10",Norway,Food,3.7940 €,3.8260 €
906327,"LEXIBOOK LING. 0,50",,,7.9400 €,7.9800 €
A2H9HN,"LIBERTY LAT.AMER.A DL-,01",,,7.0500 €,7.1000 €
A2JATY,"LIBERTY LAT.AMER.C DL-,01",,,7.0500 €,7.1000 €
A3ERSY,LIBERTY MED.A FORMULA ONE,,,70.5000 €,71.0000 €
A3ERTA,LIBERTY MED.C FORMULA ONE,,,76.5000 €,77.0000 €
A2DYXV,LIECHTENST. LDSBK NA SF 5,Liechtenstein,Banking & Finance,110.8000 €,111.0000 €
893593,"LITTELFUSE INC. REGISTERED SHARES DL -,01",USA,Electronics & Semiconductors,406.0000 €,408.0000 €
A0H0VZ,LIVE NATION ENTERTAINMENT INC. REGISTERED SHARES D,USA,Others,149.0000 €,149.3000 €
871784,LLOYDS TSB,Great Britain,Banking & Finance,1.1885 €,1.1990 €
A2P6WP,LOOMIS AB SERIES,,,42.6400 €,43.0600 €
859545,"LOWE'S COS INC.    DL-,50",USA,Construction & Construction Materials,189.7500 €,190.1000 €
A1JZ6S,"LPL FINANCIAL HLDS DL-,01",,,255.4000 €,255.9000 €
884625,"LTC PTIES INC.     DL-,01",USA,Real Estate,31.7400 €,31.9400 €
A14WDG,LU-VE S.P.A. NOM.,,,67.6000 €,68.3000 €
A2PE38,"LYFT INC. CL.A -,00001",USA,Internet & Software,11.6500 €,11.7500 €
A1CWRM,"LYONDELLBAS.IND.A EO -,04",Netherlands,Chemistry,55.7600 €,55.9800 €
888353,"MACERICH CO.,THE   DL-,01",USA,Real Estate,21.8000 €,22.0000 €
A0MS7Y,"MACYS, INC.        DL-,01",USA,Department stores & Retail,21.9300 €,21.9900 €
A1C1SD,MAGNACHIP SEMICONDUC.DEP.,,,5.3000 €,5.3500 €
A40S37,"MAGNERA CORP. WI DL-,01",,,10.9000 €,11.0000 €
A0B8TQ,MAGYAR TELEK.T.NA A UF100,Ungarn,Telecommunications,7.7100 €,7.8200 €
A0X8Y3,"MAIN STREET CAP.CP.DL-,01",,,44.7950 €,45.0650 €
858000,MAKINO MILLG MACH.,,,75.5000 €,76.5000 €
A1XB59,"MALIBU BOATS INC.A DL-,01",,,24.0000 €,24.2000 €
A1J2MK,MANCHESTER UTD (NEW) A,,,20.0200 €,20.1400 €
A0LCRN,"MAPFRE S.A. NOM.  EO -,10",Spain,Insurance,4.1240 €,4.1360 €
904974,"MARIE BRIZ. W.+S.IN.EO1,4",France,Alcohol & Tobacco,2.7300 €,2.7700 €
A0F602,"MASTERCARD INC.A DL-,0001",USA,Banking & Finance,422.8000 €,423.6000 €
A1JTVV,"MATADOR RESOURSES DL -,01",,,46.5900 €,46.8700 €
858250,MCCORMICK + CO.INC. N.VTG,USA,Food,42.1900 €,42.4500 €
856958,MCDONALDS CORP.,USA,Hospitality and Tourism,246.4000 €,246.7000 €
851715,"MEDIOBCA          EO 0,50",Italy,Banking & Finance,25.7100 €,25.9300 €
A2JGHF,"MEIRAGTX HLDGSDL-,0000388",,,8.2500 €,8.3000 €
A2N5NR,MEITUAN DIANPING CL.B,Hongkong,Internet & Software,8.5410 €,8.5960 €
A0LF1J,MELCO RESORTS+ENMT SP.ADR,USA,Hospitality and Tourism,4.7600 €,4.8000 €
870346,MERCURY GENL CORP.,USA,Insurance,87.1000 €,87.4500 €
923604,MESA LABS INC.,,,91.0000 €,91.5000 €
892790,"METROPOLE TV INH. EO-,40",France,Others,12.4600 €,12.5400 €
880883,MGM RESSORTS,USA,Hospitality and Tourism,42.2100 €,42.4700 €
923064,MIDSONA AB B 2 SK 5,,,1.3450 €,1.3650 €
851838,MINEBEA CORP. LTD,Japan,Electronics & Semiconductors,23.0000 €,23.2000 €
200455,MIZUHO FINL GRO,Japan,Banking & Finance,40.8000 €,41.4000 €
A0LEKK,MIZUHO FINL GROUP ADR/2,Japan,Banking & Finance,8.3000 €,8.4000 €
A3DPAQ,"MOD. TIMES GRP M B SK 2,5",,,11.6100 €,11.6500 €
869795,"MODINE MFG       DL -,625",,,237.1000 €,237.5000 €
A2P939,"MONTROSE ENV.GRP -,000004",,,14.7000 €,14.8000 €
885836,MORGAN STANLEY,USA,Banking & Finance,185.2000 €,185.6000 €
A1JFWK,MOSAIC CORP,USA,Chemistry,19.5600 €,19.6800 €
A14MJ9,MP3 FASTIGHETER AB (PUBL),,,25.2000 €,25.4000 €
A2DS30,MPC CONTAINER SHIPS NK 10,,,2.4580 €,2.4720 €
A0J2LX,"MUELLER WAT.PROD.A DL-,01",,,22.2500 €,22.3900 €
A14VRL,NAT.STORAGE AFFIL.TR.SBI,,,39.2800 €,39.6200 €
A2DQWX,"NATIONAL GRID PLC REG. SHARES NEW LS-,11395",Great Britain,Others,14.0750 €,14.2550 €
A2N40X,NATL BK GREECE NAM.EO 1,,,14.8000 €,14.9650 €
865227,NATL BK OF CDA,Canada,Banking & Finance,129.5000 €,130.2000 €
120159,"NEOGENOMICSINC.  DL-,001",USA,Biotech & Nanotech,9.6020 €,9.6800 €
A3C6XW,"NERDWALLET INC. A -,0001",,,7.3500 €,7.4000 €
938282,"NEURONES SA  NOM. EO 0,40",,,35.3000 €,35.6500 €
622325,"NEXSTAR MEDIA GR.A DL-,01",,,150.7000 €,151.0000 €
A2N4PB,"NIO INC.A S.ADR DL-,00025",China,Vehicles,4.4750 €,4.5150 €
859269,NISSAN CHEMICAL INDUSTRIES LTD REGISTERED SHARES O,,,41.0000 €,41.6000 €
861226,NKT A/S NAVNE-AKTIER DK 20,Denmark,Elektrische Geräte,131.1000 €,131.8000 €
A1W8UB,"NMI HOLDS INC. A  DL -,01",,,32.0000 €,32.2000 €
A115DY,"NN GROUP NV EO -,12",Netherlands,Insurance,73.4000 €,73.6600 €
A40U85,NOBA BK GRP PUBL.AK,,,7.2100 €,7.2900 €
A3DV8N,NOBLE CORP-RIGHTS TO RSU-,,,40.4000 €,40.6000 €
A3ETUJ,NORDIC AQUA PARTERS  NK 1,,,7.3800 €,7.4600 €
867028,NORFOLK SOUTHERN RAILWAY,USA,Transport,271.1000 €,271.7000 €
854009,"NORTHN TRUST CORP.DL1,666",USA,Banking & Finance,150.5500 €,150.8500 €
A2N6X4,NORTHWEST NATURAL HLDG,,,42.9800 €,43.2400 €
A0BLAH,"NORWEGIAN AIR SHUT.NK-,10",,,1.3590 €,1.3780 €
A1KBL8,NORWEGIAN CRUISE LINE HL.,Bermudan Islands,Hospitality and Tourism,16.7700 €,16.8700 €
A2QLRE,"NOV INC.    DL-,01",USA,Oil & Gas,18.2000 €,18.3000 €
A3C82G,"NU HLDGS  CL.A DL-,000066",,,10.5200 €,10.5400 €
A2NB05,"NUEV.EXP.TEX.INH.EO-,016",,,0.9990 €,1.0060 €
A3D4SC,"OAKTR.SPEC.LEND.NEW -,001",,,10.4300 €,10.4800 €
865291,"OCEANEERG INTL INC.DL-,25",USA,Oil & Gas,34.0000 €,34.2000 €
873204,ODFJELL ASASHS -A-,,,10.4400 €,10.5200 €
A3DH8R,ODFJELL TECHNOLOGYLTD,,,5.6300 €,5.7100 €
A3DLRF,OEM INTERN.(POST SPLIT) B,,,15.0200 €,15.1400 €
588716,"OIL STATES INTEL   DL-,01",USA,Oil & Gas,7.3200 €,7.3800 €
865311,"OIL-DRI CORP. AMER.DL-,10",,,81.5000 €,82.0000 €
883852,OLD NATL BANCORP. IND.,USA,Banking & Finance,21.6000 €,21.8000 €
A14WW1,"OLL.BARG.OUTL.HLD.DL-,001",USA,Department stores & Retail,71.8400 €,72.1200 €
A3C20K,"ON HOLDING AG A SF-,01",,,33.4800 €,33.6800 €
930124,"ON SEMICOND.       DL-,01",USA,Electronics & Semiconductors,100.7600 €,101.1800 €
895701,ORELL FUESS.HLDG NA SF 1,Switzerland,Various services,167.5000 €,169.5000 €
854422,ORICA LTD ORD NPV,,,14.1000 €,14.3000 €
A3C684,"ORION PROPERTIES   DL-,01",,,2.4000 €,2.4200 €
889301,ORVANA MINLS CORP.,,,1.0200 €,1.0300 €
A2DLLC,OUTDOOR HLD.,,,1.7400 €,1.7600 €
A3C45N,OVH GROUPE (PROM.)EO 1,,,15.7000 €,15.8500 €
A41EJT,OXFORD LANE CAP. NEW O.N.,,,7.8800 €,7.9400 €
A2QHKZ,OZON HOLDINGS (SP.ADS)/1,,,8.1800 €,8.2000 €
A2JB7S,"PAGSEG. DIG. A DL-,000025",,,7.7500 €,7.8120 €
A1JZ0Q,"PALO ALTO NETWKS DL-,0001",USA,Computer & Network,241.0500 €,241.5500 €
A40GSB,"PARATUS ENER.SVS   DL 4,9",,,4.2900 €,4.3450 €
A0JJY6,"PARTNERS GR.HLDG  SF -,01",Switzerland,Others,765.0000 €,768.6000 €
A1XE9W,"PAYLOCITY HLDG    DL-,001",,,94.0000 €,94.5000 €
A14R7U,"PAYPAL HDGS INC.DL-,0001",USA,Banking & Finance,35.9250 €,35.9950 €
A1C8PJ,PEACH PROPERTY GROUP SF1,Switzerland,Real Estate,5.0100 €,5.0500 €
A2PR0M,"PELOTON INTE.A DL-,000025",USA,Others,4.8000 €,4.8400 €
A0Q4ZU,PENNYMAC MRTGE INV. SBI,,,8.7250 €,8.7750 €
A2AD7T,PER AARSLEFF HLD NA B DK2,,,86.8000 €,87.6000 €
A42701,PER.SQU.INC. O.N.,,,28.9000 €,29.1000 €
A1XAEY,"PERRIGO CO. PLCEO -,001",Irland,Pharma & Cosmetics,9.4720 €,9.5300 €
A40EDR,"PERSPECT.THER.NEW DL-,001",,,2.5280 €,2.5540 €
A2P39H,"PEXIP HOLDING ASA NK-,015",,,6.8500 €,6.9100 €
PFSE21,PFISTERER HLDG SE INH ON,,,91.0500 €,91.9000 €
851962,PG + E CORP.,USA,Energy & Water,14.6000 €,14.7000 €
A0YC19,"PGE PL.GR.ENERG. ZY 8,55",Polen,Energy & Water,2.3640 €,2.3840 €
A2JB6Y,PHOTONIKE CAPITAL S.A.,,,1.2900 €,1.3000 €
A1T7JA,PIMCO DYNAMIC INCOME FD,,,14.1080 €,14.1920 €
A140CF,"PJT PARTNERS INC.A DL-,01",,,131.0000 €,132.0000 €
A40B0L,"PLANISWARE CONV.  EO -,01",,,18.2600 €,18.4200 €
867679,PNC FINL SERVICES GRP DL5,USA,Banking & Finance,204.0000 €,206.0000 €
A3DWD8,POET TECHS INC.,,,10.8600 €,11.0000 €
A40SXB,POLAR POWER INC. NEW,,,1.4500 €,1.4700 €
864840,POWER CORPORATION OF CDA,Canada,Banking & Finance,53.1600 €,53.4600 €
A1WZUH,"POWR SOL.INTL NEW DL-,001",,,35.1100 €,35.3300 €
694660,"PRINCIPAL FINL GRP DL-,01",USA,Insurance,96.0000 €,96.5000 €
A1JBD1,"PROLOGIS INC.      DL-,01",USA,Various services,128.5500 €,128.8000 €
A2DM7L,"PROPETRO HLD.CORP.DL-,001",USA,Oil & Gas,13.4000 €,13.5000 €
923484,PROSPERITY BANCSHS   DL 1,USA,Banking & Finance,62.5000 €,63.0000 €
A0MSGT,PROTECTOR FORSIKRING NK 1,,,42.9600 €,43.3800 €
852069,PRUDENTIAL CORP.,Great Britain,Insurance,11.4150 €,11.5700 €
764959,PRUDENTIAL FINL,USA,Insurance,93.4400 €,93.8000 €
A0HMWM,PSI SOFTWARE SE NA ON.ZV.,,,43.6000 €,44.0000 €
852070,PUBL. SVC.ENTER.,USA,Energy & Water,68.7000 €,68.9800 €
982549,"PUBL.POWER GR.INH.EO 2,48",,,22.3400 €,22.5200 €
A2AH7G,"QT GROUP PLC       EO-,10",,,24.6000 €,24.8400 €
865108,QUAKER HOUGHTON CORP. DL1,USA,Chemistry,124.0000 €,125.0000 €
A0MV6A,QUANEX BUILD. PRODS DL-01,USA,Others,14.7000 €,14.8000 €
A0D9SU,RAIFFEISEN BK INTL INH.,Austria,Banking & Finance,50.5500 €,50.8500 €
A2PLRS,"RANPAK HLD. CL.A DL-,0001",,,6.3000 €,6.3500 €
882286,"RATOS B FRIA     SK 2,083",Sweden,Investments & Holdings,3.1420 €,3.1880 €
905265,"RAYSEARCH LABS B  SK 0,40",,,20.2400 €,20.3800 €
899744,REALTY INC. CORP.    DL 1,USA,Real Estate,54.0000 €,54.1000 €
A2PPXB,"RED CAT HDGS INC.DL -,001",,,9.6410 €,9.6990 €
A0RC70,"REINSUR.GRP AM.    DL-,01",USA,Insurance,181.8000 €,182.1000 €
A3CSZZ,"RENEW ENG.GLB.A DL-,0001",,,5.5400 €,5.6000 €
A2N64R,"RESIDEO TECHN. WI DL,-001",,,27.2000 €,27.4000 €
A2DJTU,"RH               DL-,0001",USA,Others,132.0000 €,133.0000 €
A3DE3J,"RIGETTI COMPUTNG DL-,0001",,,18.1260 €,18.2360 €
902914,RIOCAN REAL ESTATE INV.,Canada,Banking & Finance,14.2260 €,14.3220 €
A3C47B,"RIVIAN AUTOMOT.A DL-,0001",,,14.3780 €,14.4640 €
A3CVQC,"ROBINH.MKTS CL.A DL-,0001",USA,Banking & Finance,80.0300 €,80.3500 €
891106,ROCHE HLDG SP.ADR 1/8,,,44.5000 €,44.9000 €
A424UK,"ROCHE HOLDING PS SF -,001",,,357.2500 €,358.5000 €
A2JA9Q,"ROCKET PHARMAT. DL-,01",USA,Biotech & Nanotech,2.3800 €,2.4000 €
867590,"ROGERS COMM.B  CD 1,62478",Canada,Telecommunications,33.5100 €,33.7100 €
852173,ROYAL BK CDA,Canada,Banking & Finance,172.3400 €,172.6800 €
A2P62D,ROYALTY PHARMA OA DL-0001,,,47.3000 €,47.5800 €
A1CXHX,"RYERSON HLDG CORP. DL-,01",,,26.2000 €,26.4000 €
918614,SABAF SPA            EO 1,,,12.1500 €,12.3000 €
A1C9KE,SABRA HLTH CARE REIT,USA,Real Estate,16.1500 €,16.2500 €
A3CPAM,"SAGIMET BIOSC.CL.A -,0001",,,5.5800 €,5.6200 €
896360,SAMSUNG EL. GDR,,Others,"4,620.0000 €","4,660.0000 €"
A2PV7P,SANLORENZO IN SIGLA SL,,,37.2800 €,37.8400 €
920657,SANOFI SA INHABER    EO 2,France,Pharma & Cosmetics,76.8700 €,76.9800 €
A3EJMQ,"SANTHERA PHARM.HD.SF 0,10",,,16.9200 €,16.9800 €
A2AJKS,"SARTOR.STED.B. EO-,20",France,Biotech & Nanotech,175.2000 €,176.0000 €
856193,SCA B,Sweden,Forestry,9.1820 €,9.2320 €
A2ABGP,"SCANDIC HOTELS GP EO-,25",,,8.1400 €,8.2200 €
SHA010,SCHAEFFLER AG NA O.N.,,,9.5500 €,9.6000 €
A0JJWH,SCHINDLER HOLDING AG NA,Switzerland,Machinery & Equipment,274.0000 €,275.0000 €
A2JMQW,"SCHOLAR ROCK HLDG DL-,001",,,38.0800 €,38.3100 €
882803,SCHOUW A/S          DK 10,,,83.2000 €,84.1000 €
852243,SCHW.NATLBK N.SF 250,Switzerland,Banking & Finance,"3,590.0000 €","3,610.0000 €"
A2H5LX,SEA LTD CL.A(ADR)/1,USA,Others,71.0000 €,72.0000 €
A1W90J,"SEACOAST BKG FLA   DL-,10",,,27.6000 €,27.8000 €
A3CQU7,"SEAGATE TEC.HLD.DL-,00001",Irland,Computer & Network,804.0000 €,806.0000 €
A2DQFW,"SELECT WATER SOL.A DL-,01",,,16.3000 €,16.4000 €
485513,SEMAPA SGPS NAM.     O.N.,Portugal,Construction & Construction Materials,23.9000 €,24.0000 €
870378,SEMPERIT AG HLDG,Austria,Chemistry,14.7500 €,14.8500 €
A41MRZ,SENSEONICS HLGS.INC. NEW,,,6.2000 €,6.2500 €
A2JGBW,"SENSIRION HOLDING SF0,1",Switzerland,Others,85.4000 €,85.8000 €
A3CTJC,"SENTINELONE INC.A -,0001",,,12.8200 €,12.9000 €
A14UQQ,"SERITAGE GWTH PR.A DL-,01",,,2.2600 €,2.2800 €
914993,SES S.A. FDR A,Luxembourg,Telecommunications,8.2250 €,8.3000 €
A14TJP,SHOPIFY A SUB.VTG,Canada,Others,93.4900 €,93.8700 €
A41BKT,"SIEGFRIED HL NA SF 0,72",,,80.2000 €,80.9000 €
935345,"SILICON LABS INC.DL-,0001",USA,Others,189.0000 €,190.0000 €
916647,SIMON PROPERTY GRP PAIRED,USA,Real Estate,189.4000 €,189.7500 €
A0RK8D,SIPEF SA (POST SPLIT),,,93.0000 €,94.3000 €
A40HQN,SITE CTRS CORP. O.N.,,,4.2400 €,4.2800 €
A2PUK4,"SITIME CORP.  DL -,0001",,,630.0000 €,635.0000 €
A1JWRE,SK HYNIX GDR 144A/REGS 1,,,"1,270.0000 €","1,280.0000 €"
859768,SKAND ENSK BNK A,Sweden,Banking & Finance,17.3600 €,17.4100 €
880202,SKAND.ENSK. BKN C FR.SK10,,,17.8400 €,18.0000 €
863784,SKANSKA AB B FRIA    SK 3,Sweden,Construction & Construction Materials,22.0600 €,22.1600 €
A3CRYH,"SMARTOPTICS GRP AS NK-,02",,,4.9100 €,4.9500 €
A2H5K5,"SMCP S.A.S.(PROM.) EO-,10",,,5.0350 €,5.0800 €
868323,"SMITH CORP., A.O. REGISTERED SHARES DL 1",USA,Elektrische Geräte,50.7200 €,51.0000 €
860885,SMITH FIELDS,Denmark,Machinery & Equipment,64.7500 €,65.1500 €
A2P567,SMITH+WESSON BRNDS DL-001,,,12.7200 €,12.8000 €
633835,SMUCKER -J.M.-,USA,Food,100.6000 €,100.8000 €
915322,"SOL S.P.A.        EO 0,52",,,60.8000 €,61.4000 €
A41AV3,SOLANA CO. NEW 2025,,,1.3300 €,1.3500 €
A0BLGA,SOLAR B,,,26.0000 €,26.2000 €
909875,SOLSTAD OFFSHORE NK 1,,,5.8800 €,5.9300 €
A0QZ4X,"SONAE-SGPS, S.A. NA. EO 1",Portugal,Investments & Holdings,1.9760 €,1.9960 €
862837,SOUTHW. AIRL. CO.    DL 1,USA,Aircraft & Space,39.1900 €,39.4300 €
A1JR25,SPAREBANK 1 SOR-NOR.NK 25,,,17.3800 €,17.4800 €
727533,SPAREBANKEN VEST GRUNNF.,,,16.6460 €,16.8700 €
A2P2R5,SPHERE ENTERTAINMENT CO.A,,,132.3500 €,132.6000 €
A3EQSF,"SPI.GL.INC. CL.A DL-,0001",,,15.7000 €,15.8000 €
A112GA,SPORTSMANS WAREH.HO.DL-01,USA,Department stores & Retail,1.0600 €,1.0700 €
A2PWF7,"SPROUT SOCIAL C. DL-,0001",,,6.2800 €,6.3200 €
A1W2Q4,"SPROUTS FMRS MKT  DL-,001",USA,Department stores & Retail,74.4800 €,74.7800 €
A1CV38,"SS+C TECHNOL.HLDGS DL-,01",,,58.4000 €,58.6400 €
881832,SSAB AB -B- FRIA,,,9.2960 €,9.3100 €
872087,ST GOBAIN            EO 4,France,Construction & Construction Materials,74.9200 €,75.1600 €
856956,"STANDEX INTL CORP. DL1,50",USA,Various services,260.0000 €,262.0000 €
A0N9JF,"STARWOOD PPTY TRST DL-,01",,,14.6850 €,14.7750 €
A4165W,STARZ ENTMT CORP.,,,24.2000 €,24.4000 €
864777,STATE STREET,USA,Banking & Finance,144.8000 €,145.0500 €
A0NEF6,"STD BK GRP        RC -,10",,,16.6000 €,16.8000 €
873403,"STE GENERALE INH. EO 1,25",France,Banking & Finance,73.0200 €,73.2400 €
A1KA51,"STELLUS CA.IN.CORP.DL-,01",,,7.7590 €,7.8210 €
A423P2,STI.GRP.INC. O.N.,,,10.5000 €,10.6000 €
A3E4JL,STIF,,,57.3500 €,57.8000 €
873773,"STIFEL FINL CORP.  DL-,15",USA,Banking & Finance,62.5000 €,63.0000 €
897710,STMICROELECTRONICS NY 1,,,66.5000 €,67.0000 €
919961,STORA ENSO OYJ R (RE-REG),,,9.6300 €,9.7100 €
A3EYA0,"STRATA SKIN SC.   DL-,001",,,2.0400 €,2.0600 €
722713,STRATEGY     A NEW DL-001,USA,Internet & Software,107.0200 €,107.2400 €
A3DHHH,"STRAUMANN HLDG NA SF 0,10",Switzerland,Healthcare & Medicine,101.4500 €,101.9000 €
A1C8HL,SUMIT.MITS.FIN.SP.ADR 1/5,Japan,Banking & Finance,21.0000 €,21.2000 €
861270,SUN HUNG KAI PTS,Hongkong,Real Estate,12.9000 €,13.0000 €
A41N08,"SUNBELT RNTL HLDGS DL-,01",,,71.2000 €,71.6000 €
A40VTK,"SUNRISE COMMUNIC.NA.SF-,1",,,45.3200 €,45.5400 €
A14S61,"SVENSKA HDLSBKN B SK1,433",,,21.0600 €,21.2600 €
895705,SWEDBANK,Sweden,Banking & Finance,31.8600 €,32.1100 €
916234,SWISSCOM NA,Switzerland,Telecommunications,713.5000 €,715.0000 €
A41ZCW,"SWISSQUOTE GRP HLD SF0,02",,,42.7600 €,42.9600 €
A1T7LU,"T-MOBILE US INC.DL,-00001",USA,Telecommunications,163.4000 €,163.7200 €
870967,"T.ROW.PR.GRP       DL-,20",USA,Banking & Finance,94.6400 €,94.8200 €
A2H5BX,"TANDEM DIABETES NEW -,001",,,14.3000 €,14.4000 €
A2JSR1,"TAPESTRY INC. REGISTERED SHARES DL -,01",USA,Textiles & Clothes,127.3000 €,127.6000 €
866869,TASEKO MNS LTD,Canada,Others,6.5050 €,6.5550 €
A2PJ41,TC ENERGY CORP.,Canada,Energy & Water,60.1200 €,60.3600 €
A0B5GC,TECHTRONIC I.SUBD.,Hongkong,Elektrische Geräte,12.9600 €,13.1500 €
858265,TECK RES LTD. B SUB.VTG,Canada,Resources,55.9600 €,56.0800 €
A1WYU5,TELE 2,Sweden,Telecommunications,17.1200 €,17.2550 €
926932,"TELEDYNE TECHS     DL-,01",USA,Elektrische Geräte,538.0000 €,539.0000 €
A0YHJ8,TENCENT HDGS ADR,,,50.5000 €,51.0000 €
A41MS2,"TER.INN.GLBL EO -,01",,,4.4780 €,4.5240 €
A0M0ZR,"TERADATA (DEL.)    DL-,01",USA,Banking & Finance,28.4400 €,28.6200 €
A0B5N8,"TERNA R.E.N. SPA  EO -,22",Italy,Energy & Water,10.2450 €,10.3450 €
880267,"TETRA TECHS        DL-,01",USA,Oil & Gas,8.9500 €,9.0500 €
A2QL4H,"TEXAS PAC.LD CORP. DL-,01",,,327.2000 €,328.0000 €
A3DHQU,TEXTMAGIC AS,,,1.8300 €,1.8450 €
919493,"TGSNOP.GEOPHYSICAL NK0,25",Norway,Internet & Software,13.6100 €,13.7200 €
A110VU,THURGAU.KANTONALB.PS SF20,Switzerland,Banking & Finance,195.5000 €,197.5000 €
A2H5U9,TITANIUM OYJ,,,6.2400 €,6.3000 €
854854,TJX COS INC.         DL 1,USA,Textiles & Clothes,145.0000 €,145.5000 €
A0MQWT,"TKH GROUP NV CVA  EO -,25",Netherlands,Others,43.9600 €,44.1800 €
A40VM0,"TONIX P.H.NEW11/24DL-,001",,,9.7720 €,9.8500 €
883644,"TOPGOLF CALLAWAY B.DL-,01",USA,Hospitality and Tourism,14.9850 €,15.0750 €
852684,TORONTO-DOMINION BK,Canada,Banking & Finance,101.3200 €,101.5200 €
A0X8WB,TOTAL ENERGY SERVS INC.,,,14.7600 €,14.9600 €
A2PGG8,"TRADEWEB MARKETS -,00001",USA,Banking & Finance,87.3000 €,87.6600 €
885412,TRANSALTA CORP.,Canada,Energy & Water,11.5450 €,11.6150 €
A0H09X,TRANSP.INTL HLDG.LTD.HD 1,,,1.0300 €,1.0400 €
A2PWMZ,TRUIST FINL CORP.    DL 5,USA,Banking & Finance,44.5150 €,44.7850 €
A3CYXD,"TRUMP MED.+TEC.A DL-,0001",,,6.7830 €,6.8370 €
TUAG50,TUI AG NA O.N.,,,7.0400 €,7.0680 €
A2N7L2,"TWIST BIOSCIENCEDL-,00001",,,65.2000 €,65.4800 €
917099,"TYLER TECHS INC.   DL-,01",USA,Various services,258.2000 €,258.6000 €
904412,"U-HAUL HLDG CO.    DL-,25",,,53.5000 €,54.0000 €
901581,"UBISOFT ENTMT IN.EO-,0775",France,Internet & Software,4.7990 €,4.8360 €
A4009U,UBTECH ROBOT.CORP. H YC 1,,,11.8180 €,11.9620 €
891541,"UFP TECHS INC.     DL-,01",,,202.6000 €,203.0000 €
900421,UMB FINL CORP.       DL 1,USA,Banking & Finance,116.0000 €,117.0000 €
A1W97N,UNICAJA BANCO NOM. EO 1,,,2.9560 €,2.9840 €
A41NM1,"UNILEVER PLCLS -,035",,,50.7200 €,50.9500 €
929198,UNITED PARCEL SE.B DL-01,USA,Transport,93.1200 €,93.4800 €
866462,UNIV. HEALTH SERV.B DL-01,USA,Healthcare & Medicine,126.0000 €,127.0000 €
911236,"UNIV.INS.HLD       DL-,01",,,32.8000 €,33.0000 €
985290,UNIVERSAL HEALTH RLTY SBI,USA,Real Estate,34.7050 €,34.9150 €
A3C291,UNIVERSAL MUSIC GROUP EO1,Netherlands,Others,17.7250 €,17.8800 €
A2PFTG,UP FINT. HLDG (SP.ADR) A,,,4.0800 €,4.1400 €
A2JH5S,"URW (STAPLED SHS)  EO-,05",France,Real Estate,100.5500 €,100.9500 €
917523,US BANCORP,USA,Banking & Finance,50.5200 €,50.8200 €
A2AHWK,"US FOODS HLDG CORP DL-,01",USA,Food,80.5000 €,81.0000 €
A1C6TV,"UTD AIRLINES HLDGS DL-,01",USA,Aircraft & Space,99.6000 €,100.0000 €
923128,"UTD BANKSHS INC.  DL 2,50",USA,Banking & Finance,39.4000 €,39.6000 €
A1JB5Q,UTD COMMUNITY BANKS  DL 1,USA,Investments & Holdings,29.8000 €,30.0000 €
903615,"UTD NATURAL FOODS  DL-,01",USA,Food,43.5200 €,43.7800 €
923818,"UTD THERAP. (DEL.) DL-,01",USA,Biotech & Nanotech,471.5000 €,472.5000 €
923948,VAN LANSCHOT KEMP.    EO1,Netherlands,Banking & Finance,68.4500 €,68.7500 €
A2PSEA,"VERALLIA SA (PROM.)EO3,38",,,20.1200 €,20.2000 €
A3CMNS,"VESTAS WIND SYS. DK -,20",Denmark,Energy & Water,22.2100 €,22.3700 €
857621,VF CORP,USA,Textiles & Clothes,15.2050 €,15.2950 €
A2H5U8,"VICI PROPERTIES   DL -,01",,,24.5500 €,24.6500 €
A2AT5W,VINCIT OYJ O.N.,,,4.2150 €,4.2700 €
A14RHF,"VIRTU FINANC.A  DL-,00001",,,49.6000 €,50.0000 €
675054,VONTOBEL HLDG AG NA SF 1,Switzerland,Banking & Finance,77.5000 €,77.9000 €
893899,VORNADO RLTY TR. SBI,USA,Banking & Finance,33.0000 €,33.2000 €
A0JC1Z,VUSIONGROUP S.A.     EO 2,France,Elektrische Geräte,132.3000 €,133.6000 €
A2P272,"VZ HOLDING AG NA. SF -,05",Switzerland,Banking & Finance,159.4000 €,160.2000 €
A3C5KU,"WAGA ENERGY (PROM.)EO-,01",,,23.3500 €,23.5500 €
860853,"WAL-MART STRS DL-,10",USA,Department stores & Retail,104.4800 €,104.6800 €
A1C0ZS,"WALLENIUS WILHEL. NK 0,52",,,12.5600 €,12.6800 €
893579,WASTE MANAGEMENT (DEL.),USA,Environment & Recycling,189.3500 €,189.7500 €
A3EXMR,WAYSTAR HOLDING CORP.O.N.,,,16.2000 €,16.3000 €
A3DJQZ,"WB DISCOVERY SER.A DL-,01",USA,Others,23.2400 €,23.3800 €
A41MPR,WEA.COR. O.N.,,,7.7000 €,7.7500 €
857968,Weir PLC,Great Britain,Machinery & Equipment,26.8000 €,27.2000 €
857949,WELLS FARGO,USA,Banking & Finance,72.1900 €,72.4800 €
864330,"WEST PHARM.SVCS    DL-,25",USA,Pharma & Cosmetics,284.0000 €,284.6000 €
896022,"WESTINGH.AI.BR.T.  DL-,01",USA,Machinery & Equipment,229.0000 €,229.5000 €
863060,"WESTN DIGITAL      DL-,01",USA,Computer & Network,488.6500 €,489.6000 €
852885,WESTON -GEORGE-,Canada,Food,64.0000 €,64.5000 €
854357,"WEYERHAEUSER CO. DL 1,25",USA,Forestry,21.4200 €,21.5400 €
A1KA6L,"WHITEHORS.FIN.INC.DL-,001",,,5.7200 €,5.7600 €
A1C04X,WILH.WILHELM.HLDG A NK 20,,,66.1000 €,66.6000 €
A1C04Y,WILH.WILHELM.HLDG B NK 20,,,57.5000 €,57.7000 €
855451,WILLIAMS COS INC.    DL 1,USA,Oil & Gas,62.2000 €,62.4400 €
870882,WORTHINGTON ENTP,USA,Others,51.5500 €,51.8000 €
A41BTF,WW INTL INC. COM NEW,,,15.8700 €,15.9700 €
A2JL3S,WYNDHAM HT + RSTS INC.,,,68.4200 €,69.0200 €
A3E4QR,X4 PHARMACEUTICALS NEW,,,2.4400 €,2.4600 €
A426Z7,XAN.QUA.TEC. O.N.,,,10.2100 €,10.3400 €
A3CTJB,"XOMETRY INC.CL.A -,000001",,,75.0600 €,75.3600 €
A2PWSC,"XP INC.         DL-,00001",,,13.8180 €,13.9020 €
A2QBX7,XPENG INC. SP.ADS/2 CL.A,,,12.5000 €,12.6800 €
A2QHVY,"XPLORA TECHNO.AS NK 0,004",,,3.6800 €,3.7150 €
A3EYDX,XTI AEROSPACE INC.,,,108.0000 €,109.0000 €
A2QDY5,YALLA GROUP SP.ADS/1 CL.A,,,4.5600 €,4.6200 €
A2ANNY,"YIHAI INTER.HLD.DL-,00001",,,1.5100 €,1.5300 €
A2QEA9,"ZAPTEC AS NK -,00625",,,4.4000 €,4.4400 €
ZEAL24,ZEAL NETWORK SE NA O.N.,Great Britain,Others,43.9000 €,44.4000 €
A3CR1U,"ZETA GLOBAL HLD.A DL-,001",,,17.4800 €,17.5200 €
A40CCE,ZHIHU INC.SP.ADR/3 CL.A,,,2.7600 €,2.8000 €
A14XZY,"ZILLOW GROUP C CAP.DL-,01",USA,Real Estate,27.6050 €,27.7750 €
A3CQ3L,"ZIPRECRUITER CL.A -,00001",,,3.1040 €,3.1360 €
A2P5HE,"ZOOMINFO TECHNS    DL-,01",,,2.4180 €,2.4420 €
A3DSSN,"ZYMEWORKS DEL. DL-,00001",,,19.7500 €,19.8700 €
