ticker,local_id,name,country,sector,currency,slippage_bps
B3K.SG,869057,ACKERMANS + VAN HAAREN,Belgien,Construction & Construction Materials,EUR,4
1NBA.F,A2ASUV,ANHEUSER-BUSCH INBEV,Belgien,Food,EUR,4
IDV1.F,886939,INDUSTRIVAERDEN,Sweden,Investments & Holdings,EUR,4
TEX.SG,906997,CASTELLUM AB,Sweden,Real Estate,EUR,4
PTX.DE,A2QA4J,PALANTIR TECHNOLOGIES INC,USA,Internet & Software,EUR,5
8FS.MU,852448,SOFINA,Belgien,Banking & Finance,EUR,5
DFK0.F,906866,"AMAZON.COM INC.    DL-,01",USA,Internet & Software,EUR,5
2FE.DE,A2ACKK,FERRARI N.V.,Netherlands,Vehicles,EUR,5
EIA.F,615402,ELISA OYJ,Finland,Telecommunications,EUR,5
APC.DE,865985,Apple Inc.,USA,Computer & Network,EUR,5
34D.F,A0MTB2,DIASORIN,Italy,Others,EUR,6
RPL.SG,881026,UPM KYMMENE,Finland,Forestry,EUR,6
MDO.DE,856958,MCDONALDS CORP.,USA,Hospitality and Tourism,EUR,6
BPM.MU,A2DJF1,BANCO BPM SPA,Italy,Banking & Finance,EUR,7
XONA.F,852549,EXXON MOBIL CORP.,USA,Oil & Gas,EUR,7
MUV2.DE,843002,MUENCH.RUECKVERS.VNA O.N.,Germany,Insurance,EUR,8
MC.SW,853292,"LVMH               EO 0,3",France,Textiles & Clothes,EUR,8
ENA.MU,871028,ENDESA,Spain,Energy & Water,EUR,8
CH6.F,876514,CLEAN HARBORS INC.,USA,Environment & Recycling,EUR,8
IC2.DE,A1W5H0,INTERCONT. EXCHANGE,USA,Internet & Software,EUR,8
AMKBY,861837,A.P. MOELLER - MAERSK,Denmark,Machinery & Equipment,EUR,8
UNP.SG,858144,UNION PACIFIC,USA,Transport,EUR,8
OK3.F,870494,OSHKOSH CORP.,USA,Vehicles,EUR,9
SKWC.F,887029,SSAB,Sweden,Others,EUR,9
STT,864777,STATE STREET,USA,Banking & Finance,EUR,9
MHG.DE,157781,MOLINA HEALTHCARE INC.,USA,Healthcare & Medicine,EUR,9
1HTA.F,A0YAKV,HYATT HOTELS CORP.,USA,Hospitality and Tourism,EUR,9
6MK.DE,A0YD8Q,MERCK & CO,USA,Pharma & Cosmetics,EUR,9
WTY.F,A2AC3K,WILLIS TOWERS WATSON,USA,Various services,EUR,9
AE9.F,860325,Agnico Eagle Mines Ltd.,Canada,Resources,EUR,9
GJO,852009,"PFIZER INC. DL-,05",USA,Pharma & Cosmetics,EUR,9
PKA.F,932483,PACKAGING CORP. OF AMER.,USA,Others,EUR,9
CA8A.F,906006,CACI INTERNATIONAL INC.,USA,Internet & Software,EUR,9
SPU.F,853887,SNAP ON,USA,Various services,EUR,9
FKM.F,A0B8L8,AKER ASA,Norway,Investments & Holdings,EUR,9
COF.F,914421,COFINIMMO,Belgien,Real Estate,EUR,9
NKE,866993,NIKE INC CL B,USA,Various commercial firms,EUR,9
HSBA.L,924838,"LENNOX INTERNATIONAL INC. REGISTERED SHARES DL -,0",USA,Machinery & Equipment,EUR,9
CLH.F,880206,CARDINAL HEALTH INC.,USA,Department stores & Retail,EUR,9
LIE.F,936039,SUN LIFE FINANCIAL INC.,Canada,Banking & Finance,EUR,9
NVE.F,888265,NVR INC.,USA,Construction & Construction Materials,EUR,9
CE9.F,854167,CAE INC.,Canada,Elektrische Geräte,EUR,9
AWC.F,A0NJ38,AMERICAN WATER WORKS,USA,Others,EUR,9
RV6.F,939391,CHARLES RIVER LABS INTL INC.,USA,Biotech & Nanotech,EUR,9
J4F.F,A0CACJ,JUNGFRAUBAHN HOLDING AG,Switzerland,Transport,EUR,9
TGR.F,909190,YUM BRANDS,USA,Hospitality and Tourism,EUR,9
FQI.DU,A0DLFT,DIGITAL REALTY TRUST INC.,USA,Computer & Network,EUR,9
PA9.F,A0MLX4,TRAVELERS COMPANIES,USA,Insurance,EUR,9
NTH.DE,851915,NORTHROP GRUMMAN,USA,Aircraft & Space,EUR,10
HSY.DE,851297,HERSHEY,USA,Food,EUR,10
DDN.F,895738,DARDEN RESTAURANTS,USA,Hospitality and Tourism,EUR,10
ADBE,871981,ADOBE INC.,USA,Internet & Software,EUR,10
RSO.F,870053,ROSS STORES,USA,Various commercial firms,EUR,10
3FO.F,A0M8PX,Franco-Nevada Corp.,Canada,Resources,EUR,10
JNJ.DU,853260,JOHNSON + JOHNSON,USA,Pharma & Cosmetics,EUR,10
GDX.DE,851143,GENERAL DYNAMICS,USA,Aircraft & Space,EUR,10
PHM7.DE,200417,ALTRIA GROUP INC.,USA,Alcohol & Tobacco,EUR,10
LLY.DE,858560,ELI LILLY,USA,Pharma & Cosmetics,EUR,10
HI4.F,A1JE8X,HUNTINGTON INGALLS IND. INC.,USA,Machinery & Equipment,EUR,10
33L.DE,A0MXBY,LULULEMON ATHLETICA INC.,Canada,Various commercial firms,EUR,10
MKT.F,920343,MKS INC.,USA,Electronics & Semiconductors,EUR,10
T3D.XA,877158,"DYCOM INDS INC.   DL-,333",USA,Telecommunications,EUR,10
GS,920332,GOLDMAN SACHS,USA,Banking & Finance,EUR,10
AI3A.DE,A1CXN0,AMADEUS,Spain,Internet & Software,EUR,10
CIT.DE,880205,CINTAS CORP.,USA,Textiles & Clothes,EUR,10
FMV.F,A0LHKJ,FIRST MAJESTIC SILVER,Canada,Resources,EUR,10
AFL.F,853081,AFLAC,USA,Insurance,EUR,10
SOBA.DE,A0HL9Z,AT&T INC.,USA,Telecommunications,EUR,10
3V64.DE,A0NC7B,VISA,USA,Banking & Finance,EUR,10
BDX,857675,"BECTON, DICKINSON",USA,Healthcare & Medicine,EUR,10
CHV.SG,852552,CHEVRON,USA,Oil & Gas,EUR,10
TWH.F,A2ALP4,TWILIO INC.,USA,Internet & Software,EUR,10
YCP.HM,575302,CONOCOPHILLIPS,USA,Oil & Gas,EUR,10
1KT.DE,A12B6J,KEYSIGHT TECHNOLOGIES INC.,USA,Others,EUR,10
SJM.MX,633835,SMUCKER -J.M.-,USA,Food,EUR,10
SII.DE,A2DRBP,WHEATON PREC. METALS,Canada,Resources,EUR,10
AUD.DE,869964,AUTODESK INC.,USA,Internet & Software,EUR,10
TYIA.SG,A2AQCA,JOHNSON CONTROLS,USA,Vehicles,EUR,10
HI91.F,A2DH1A,HILTON WORLDWIDE HOLDINGS INC.,USA,Hospitality and Tourism,EUR,10
NTA.F,A0NHKR,NETAPP INC.,USA,Computer & Network,EUR,10
PRL.DE,A1JD3A,RALPH LAUREN,USA,Textiles & Clothes,EUR,10
ND1.F,866725,NORDSON CORP.,USA,Consumer goods Diverse,EUR,10
DOCN.MX,A2QRZ4,"DIGITALOCEAN HLD.-,000025",USA,Internet & Software,EUR,10
RWL.DE,903978,ROCKWELL AUTOMAT,USA,Electronics & Semiconductors,EUR,10
PRG.DE,852062,PROCTER GAMBLE,USA,Pharma & Cosmetics,EUR,10
EMR.F,850981,EMERSON ELECTRIC,USA,Electronics & Semiconductors,EUR,10
AP2.DE,865177,APPLIED MATERIALS INC.,USA,Electronics & Semiconductors,EUR,10
IDI.F,A0MWY3,INTERDIGITAL INC. (PA.),USA,Telecommunications,EUR,10
AEO.F,868746,ATMOS EN. CORP.,USA,Energy & Water,EUR,10
DY6.DE,925345,DEVON,USA,Oil & Gas,EUR,10
MTO.DE,910553,METTLER-TOLEDO INTL,USA,Elektrische Geräte,EUR,10
OS2.F,909273,OSI SYSTEMS INC.,USA,Electronics & Semiconductors,EUR,10
MSN.F,858415,MARSH & MCLENNAN,USA,Insurance,EUR,10
GLW.DE,850808,CORNING,USA,Electronics & Semiconductors,EUR,10
CQD.DE,A2AJX9,CHARTER COMMUNICATIONS INC.,USA,Telecommunications,EUR,10
VOLCAR-B.ST,855689,"VOLVO, AB B",Sweden,Vehicles,EUR,10
UI51.F,A2AKQ7,WASTE CONNECTIONS,Canada,Environment & Recycling,EUR,10
FDN.F,A0B7EH,ENERSYS,USA,Electronics & Semiconductors,EUR,10
MAA,889495,MID-AMERICA APARTM. COMM. INC.,USA,Real Estate,EUR,10
DBK.DE,514000,DEUTSCHE BANK AG NA O.N.,Germany,Banking & Finance,EUR,10
DSG.DE,662541,DICK'S SPORTING GOODS,USA,Department stores & Retail,EUR,10
4BY1.F,A0M4W9,BYD,China,Elektrische Geräte,EUR,11
CRU.F,877381,CIRRUS LOGIC INC.,USA,Computer & Network,EUR,11
AJG,869761,"GALLAGHER & CO., ARTHUR J.",USA,Various services,EUR,11
EO5.F,877961,EOG RESOURCES,USA,Oil & Gas,EUR,11
FFN.TO,A0Q636,"CHUBB LTD.       SF 24,15",Switzerland,Insurance,EUR,11
DOV.F,853707,DOVER CORP,USA,Machinery & Equipment,EUR,11
GME.VI,A0HGDX,GAMESTOP CORP. A,USA,Others,EUR,11
NNM.DE,A2PUFT,ONTO INNOVATION,USA,Electronics & Semiconductors,EUR,11
MS,885836,MORGAN STANLEY,USA,Banking & Finance,EUR,11
AT4.DE,861210,APPLIED IND. TECHS,USA,Others,EUR,11
RHM.DE,703000,Rheinmetall AG,Germany,Machinery & Equipment,EUR,11
VEE.DE,A1W5SA,VEEVA,USA,Internet & Software,EUR,11
ECJ.F,854545,ECOLAB INC,USA,Chemistry,EUR,11
UNC.DE,852738,UCB S.A.,Belgien,Pharma & Cosmetics,EUR,11
TKE.DE,914508,TAKE-TWO INTERACT. SOFTW.,USA,Others,EUR,11
BKJ.F,881396,BRINKER INTERNATIONAL INC.,USA,Hospitality and Tourism,EUR,11
NQG.F,A0DLC4,MONOLITHIC POWER SYSTEMS INC.,USA,Electronics & Semiconductors,EUR,11
AZ4N.F,935276,ALLREAL HOLDINGS AG,Switzerland,Real Estate,EUR,11
V1L.DE,908683,VALERO ENERGY,USA,Oil & Gas,EUR,11
TTE.SW,850727,"TOTALENERGIES SE  EO 2,50",France,Oil & Gas,EUR,11
D6I.DE,A0JL3S,COMMVAULT SYSTEMS INC.,USA,Internet & Software,EUR,11
VO51.F,A1W757,ENERGY FUELS INC.,Canada,Others,EUR,12
CBHD.F,A1KAGC,COLOPLAST,Denmark,Chemistry,EUR,12
FMC1.DE,502391,FORD MOTOR,USA,Vehicles,EUR,12
DGY.SG,853943,DTE EN. CO.,USA,Energy & Water,EUR,12
S6IA.F,A1W5CT,LEIDOS HOLDINGS INC.,USA,Various services,EUR,12
IMP.F,851368,IMPERIAL OIL,Canada,Oil & Gas,EUR,12
MWI.F,A0B897,MARKETAXESS HOLDINGS INC.,USA,Banking & Finance,EUR,12
P5P.F,A1C563,PEMBINA PIPELINE CORP.,Canada,Oil & Gas,EUR,12
2II.F,A2AJTS,ITT,USA,Vehicles,EUR,12
GNN.MU,854734,GN STORE NORD A/S,Denmark,Department stores & Retail,EUR,12
COE,A14V64,"POSTE ITALIANE SPA EO-,51",Italy,Various services,EUR,12
9AS.F,A0JJW1,ALSO HOLDING AG,Switzerland,Various commercial firms,EUR,12
LSPP.F,870503,LINDT SPRUENGLI,Switzerland,Food,EUR,13
RIT1.F,A1W5CV,RICHEMONT,Switzerland,Consumer goods Diverse,EUR,13
NRE.F,895780,NOKIAN,Finland,Vehicles,EUR,13
VAS.F,897200,VOESTALPINE AG,Austria,Mining & Steel,EUR,13
ZFIN.DE,579919,ZURICH INSURANCE GROUP AG,Switzerland,Insurance,EUR,13
CBGA.SG,861061,CARLSBERG,Denmark,Alcohol & Tobacco,EUR,13
WUW.DE,805100,WUESTENROT+WUERTT.AG O.N.,Germany,Insurance,EUR,13
SAP.DE,716460,SAP SE,Germany,Internet & Software,EUR,13
AINN.F,A0X88Z,AMERICAN INTERNATIONAL GRP INC,USA,Insurance,EUR,14
KNIU.F,A0JLZL,KUEHNE & NAGEL,Switzerland,Transport,EUR,14
NESR.MU,A0Q4DC,NESTLE N,Switzerland,Food,EUR,14
GIVN.SW,938427,GIVAUDAN N,Switzerland,Chemistry,EUR,14
GBRA.F,A0MQWG,GEBERIT,Switzerland,Environment & Recycling,EUR,14
409A.T,A0J3QM,ORION B,Finland,Healthcare & Medicine,EUR,15
BUHA.F,A0EAHZ,BUCHER INDUSTRIES,Switzerland,Machinery & Equipment,EUR,15
DS5.F,A1JU9U,DKSH HOLDING,Switzerland,Others,EUR,15
HUKI.F,870740,Huhtamaeki,Finland,Others,EUR,15
MTA.SG,881050,WARTSILA,Finland,Machinery & Equipment,EUR,15
SR9A.F,A1H81M,SWISS RE,Switzerland,Insurance,EUR,15
K34.F,899827,KONECRANES,Finland,Machinery & Equipment,EUR,15
CXD.F,A0YD8C,CENOVUS ENERGY INC.,Canada,Oil & Gas,EUR,15
DHL.DE,555200,DEUTSCHE POST AG NA O.N.,Germany,Transport,EUR,15
ASML.SW,A1J4U4,"ASML HOLDING    EO -,09",Netherlands,Electronics & Semiconductors,EUR,15
FV6.F,798263,Emmi AG,Switzerland,Food,EUR,16
CRIN.F,A2DJV6,UNICREDIT,Italy,Banking & Finance,EUR,16
PHBN.F,893484,SONOVA,Switzerland,Healthcare & Medicine,EUR,16
GOU.F,A0B6PD,CENTERRA GOLD INC.,Canada,Resources,EUR,16
IFX.DE,623100,INFINEON TECH.AG NA O.N.,Germany,Electronics & Semiconductors,EUR,16
SGM.DE,893438,STMICROELECTRONICS,Netherlands,Electronics & Semiconductors,EUR,16
OUTA.DU,885421,OUTOKUMPU,Finland,Others,EUR,17
JEM,872335,"VISCOFAN SA  INH. EO 0,70",Spain,Food,EUR,17
SIE.DE,723610,SIEMENS AG NA,Germany,Electronics & Semiconductors,EUR,17
VAT.F,157770,VALIANT HOLDING,Switzerland,Banking & Finance,EUR,17
7LB.F,877480,LOTUS BAKER.,Belgien,Food,EUR,17
GLO.F,603111,GLOBAL PAYMENTS INC.,USA,Banking & Finance,EUR,17
IES.DE,850605,INTESA SANPAOLO,Italy,Banking & Finance,EUR,17
CLNXN.MX,A14RZD,CELLNEX TELECOM SAU,Spain,Telecommunications,EUR,17
RWE.DE,703712,RWE AG ST O.N.,Germany,Energy & Water,EUR,17
1ADEN.MI,922031,ADECCO N,Switzerland,Various services,EUR,17
ENR.DE,ENER6Y,SIEMENS ENERGY AG NA O.N.,Germany,Others,EUR,18
BIF.MU,860804,"SOCIETE BIC INH. EO 3,82",France,Consumer goods Diverse,EUR,18
SVHI.F,A14S60,SVENSKA HANDELSBANKEN A,Sweden,Banking & Finance,EUR,18
SZU.DE,729700,SUEDZUCKER AG  O.N.,Germany,Food,EUR,18
DB1.DE,581005,DEUTSCHE BOERSE NA O.N.,Germany,Banking & Finance,EUR,18
WPHB.F,A2PXG1,WAREHOUSES DE PAUW N.V.,Belgien,Real Estate,EUR,18
3U6.F,887836,UGI CORP.,USA,Energy & Water,EUR,18
SCHN.VI,A0JJWH,SCHINDLER HOLDING AG NA,Switzerland,Machinery & Equipment,EUR,18
SKFA.MU,852608,SKF,Sweden,Machinery & Equipment,EUR,18
04Q.DE,A2N6F4,NORDEA BANK ABP,Finland,Banking & Finance,EUR,18
185.DE,A2ASZ7,ALCOA CORP,USA,Resources,EUR,19
SMHN.DE,A1K023,SUESS MICROTEC SE NA O.N.,Germany,Electronics & Semiconductors,EUR,19
FDK.F,881720,AMERICAN STATES WATER CO.,USA,Environment & Recycling,EUR,19
KEK1.F,884884,KESKO,Finland,Various commercial firms,EUR,19
RCZ.F,853358,RECTICEL,Belgien,Chemistry,EUR,19
IT6.F,888379,ITRON INC.,USA,Electronics & Semiconductors,EUR,19
HEN3.DE,604843,HENKEL KGAA VZO O.N.,Germany,Chemistry,EUR,19
3IC.F,850999,ICADE S.A.,France,Real Estate,EUR,19
ADM.DE,854161,ARCHER-DANIELS,USA,Alcohol & Tobacco,EUR,19
D,932798,DOMINION RESOURCES,USA,Energy & Water,EUR,19
1C5.F,A12BD3,CITIZENS FINANCIAL GROUP INC.,USA,Banking & Finance,EUR,19
PNT.F,A115FG,PENTAIR,Irland,Others,EUR,19
RI1.F,A1W2YK,BLACKBERRY LTD,Canada,Telecommunications,EUR,19
SOCA.MU,889539,SUBSEA 7,Luxembourg,Various services,EUR,19
SWG.DE,874171,CHARLES SCHWAB CORP,USA,Banking & Finance,EUR,19
EOAN.DE,ENAG99,E.ON SE,Germany,Energy & Water,EUR,19
PWC.F,853915,PINNACLE WEST CAPITAL,USA,Energy & Water,EUR,19
CXX.F,856678,CLOROX CO.,USA,Pharma & Cosmetics,EUR,19
8FR.F,A3CU0R,VICTORIA'S SECRET & CO,USA,Textiles & Clothes,EUR,19
2HP.DE,A140KD,HEWLETT PACKARD ENTERPRISE,USA,Internet & Software,EUR,19
LP3.DE,861032,LOUISIANA PACIFIC CORP.,USA,Construction & Construction Materials,EUR,19
CON.DE,543900,CONTINENTAL AG O.N.,Germany,Vehicles,EUR,19
7AA.F,A1H5UL,APERAM S.A.,Luxembourg,Others,EUR,19
GA8.F,859357,GRACO INC.,USA,Others,EUR,19
ALV.DE,840400,ALLIANZ AG VNA O.N.,Germany,Insurance,EUR,19
CSTAF,871918,CONSTELLATION A,USA,Alcohol & Tobacco,EUR,19
YIT.F,906227,YIT OYJ,Finland,Others,EUR,19
ARC.MU,A0LHC1,AKER BP,Norway,Oil & Gas,EUR,19
MX5.F,882639,METHANEX CORP.,Canada,Chemistry,EUR,19
OYC.DE,A0MQV8,DELTA AIR LINES INC.,USA,Aircraft & Space,EUR,20
CJ6.F,882017,Cameco Corp.,Canada,Resources,EUR,20
AMK.DE,911648,AMKOR TECHNOLOGY INC.,USA,Electronics & Semiconductors,EUR,20
ZIM.F,753718,ZIMMER BIOMET HOLDINGS INC.,USA,Healthcare & Medicine,EUR,20
MWZ.F,934623,METLIFE INC,USA,Insurance,EUR,20
KDB.DE,854943,KBC GROEP N.V.,Belgien,Banking & Finance,EUR,20
LNR.F,905977,LINAMAR CORP.,Canada,Vehicles,EUR,20
ABT.NE,850103,ABBOTT LABS,USA,Healthcare & Medicine,EUR,20
BHI.F,867434,BLACK HILLS CORP.,USA,Oil & Gas,EUR,20
FNBLSP.JO,A1CWRM,"LYONDELLBAS.IND.A EO -,04",Netherlands,Chemistry,EUR,20
TLX.DE,TLX100,TALANX AG NA O.N.,Germany,Insurance,EUR,20
B9W.F,A1JLZG,BKW AG,Switzerland,Energy & Water,EUR,20
CV0.F,A2DPW1,CARVANA CO.,USA,Internet & Software,EUR,20
8GM.DE,A1C9CM,GENERAL MOTORS,USA,Vehicles,EUR,20
TRP,A2PJ41,TC ENERGY CORP.,Canada,Energy & Water,EUR,20
CNP.DE,A1JYNM,INGREDION INC.,USA,Food,EUR,20
68V.MU,A2DUAY,BAKER HUGHES CO.,USA,Oil & Gas,EUR,20
C7G.F,A0CBFW,IGM FINANCIAL INC.,Canada,Banking & Finance,EUR,20
NWT.F,857949,WELLS FARGO,USA,Banking & Finance,EUR,20
SE4.SG,915266,SEMPRA ENERGY,USA,Oil & Gas,EUR,20
0R6.F,A12GMA,RESTAURANT BRANDS INTL,Canada,Hospitality and Tourism,EUR,20
XS296278025.DU,A0YEES,"DOLLAR GENER.CORP.DL-,875",USA,Department stores & Retail,EUR,20
E0P.DE,A1JC82,ENPHASE ENERGY,USA,Energy & Water,EUR,20
BCLN.F,914661,BARRY CALLEBAUT,Switzerland,Food,EUR,20
SY2.F,878075,SKYWEST INC.,USA,Aircraft & Space,EUR,20
IAUX,A3C9Y0,"DASSAULT AVIAT.INH.EO-,80",France,Aircraft & Space,EUR,20
M1H.F,930290,MOBIMO HOLDING AG,Switzerland,Real Estate,EUR,20
SNM.MU,764545,SNAM S.P.A.,Italy,Oil & Gas,EUR,20
ZOE.MU,A1KBYX,ZOETIS,USA,Pharma & Cosmetics,EUR,20
SRB.DE,884437,STARBUCKS CORP.,USA,Hospitality and Tourism,EUR,20
ENX.F,A115MJ,EURONEXT,Netherlands,Banking & Finance,EUR,20
KTF.SG,A1J4U0,MONDELEZ,USA,Food,EUR,20
98P.F,529983,TXNM ENERGY INC.,USA,Energy & Water,EUR,20
HAS.F,859888,HASBRO,USA,Consumer goods Diverse,EUR,20
GEO,A11662,"GEO GROUP INC., THE",USA,Banking & Finance,EUR,20
EWL.DE,936853,EDWARDS LIFESCIENCES,USA,Biotech & Nanotech,EUR,20
EDC.F,911563,CONSOLIDATED EDISON,USA,Electronics & Semiconductors,EUR,20
SYY.F,859121,SYSCO,USA,Hospitality and Tourism,EUR,20
LOR.MU,853888,"L OREAL    INH.    EO 0,2",France,Pharma & Cosmetics,EUR,20
N7T.MU,A2DWB8,NUTRIEN LTD,Canada,Chemistry,EUR,21
AY1.F,855870,ALLIANT ENERGY CORP.,USA,Energy & Water,EUR,21
TW,A2PGG8,"TRADEWEB MARKETS -,00001",USA,Banking & Finance,EUR,21
EIX.SG,887629,EDISON INTERNATIONAL,USA,Resources,EUR,21
SM3.F,A0NJU2,SUNCOR ENERGY,Canada,Oil & Gas,EUR,21
BAS.DE,BASF11,BASF AG O.N.,Germany,Chemistry,EUR,21
SWF.F,A1CTQA,STANLEY BLACK&DECKER,USA,Various services,EUR,21
MGU6.SG,A115DT,"BRUNEL INTL NV    EO -,03",Netherlands,Various services,EUR,21
BAYN.DE,BAY001,BAYER AG O.N.,Germany,Chemistry,EUR,21
B4F.F,A2AJXD,BASIC FIT,Netherlands,Various services,EUR,21
NBG6.DE,843596,NUERNBERGER BET.AG VNA,Germany,Insurance,EUR,21
SQU.VI,A143D6,BLOCK INC. A,USA,Banking & Finance,EUR,21
SOT.DE,852523,THE SOUTHERN COMPANY,USA,Investments & Holdings,EUR,21
HLE.DE,A13SX2,HELLA GMBH+CO. KGAA O.N.,Germany,Vehicles,EUR,21
BSD2.DE,858872,BANCO SANTANDER,Spain,Banking & Finance,EUR,21
LEN.F,852927,LENZING AG,Austria,Textiles & Clothes,EUR,21
F03.F,A2AJ0F,FORTIVE CORP.,USA,Others,EUR,21
KAX2.F,A0RMWK,KARDEX,Switzerland,Various services,EUR,21
WBRBY,852894,WIENERBERGER,Austria,Construction & Construction Materials,EUR,21
OBH.F,863037,OERLIKON CORP,Switzerland,Others,EUR,22
GBF.DE,590900,BILFINGER SE O.N.,Germany,Others,EUR,22
ZCG.F,A0B7Y0,BJ'S RESTAURANTS INC.,USA,Hospitality and Tourism,EUR,22
UHR.F,865126,SWATCH GROUP,Switzerland,Consumer goods Diverse,EUR,22
EVK.DE,EVNK01,EVONIK INDUSTRIES NA O.N.,Germany,Chemistry,EUR,22
E4S.DU,A0ERSV,ELIA GROUP,Belgien,Energy & Water,EUR,22
SUN.SW,A0NJPK,SULZER N,Switzerland,Machinery & Equipment,EUR,22
E2S.F,A0F6VT,EFG INTERNATIONAL AG,Switzerland,Banking & Finance,EUR,22
VSA2.F,A2ALDB,VALEO SE INH.        EO 1,France,Vehicles,EUR,22
EG4.SG,662211,ENAGAS,Spain,Energy & Water,EUR,22
FPE3.DE,A3E5D6,FUCHS SE  VZO NA O.N.,Germany,Chemistry,EUR,23
NCGB.F,880767,NCC AB,Sweden,Real Estate,EUR,23
BX7.F,A0B9FU,PROXIMUS S.A.,Belgien,Telecommunications,EUR,23
SVKB.F,865956,SANDVIK,Sweden,Machinery & Equipment,EUR,23
COS.F,A1CYFY,CNO FINANCIAL GROUP INC.,USA,Insurance,EUR,23
2VO.SG,A1XA9J,VALMET CORP,Finland,Machinery & Equipment,EUR,23
VOS.DE,766710,VOSSLOH AG O.N.,Germany,Electronics & Semiconductors,EUR,23
PUM.DE,696960,PUMA SE,Germany,Various commercial firms,EUR,23
SC3.F,908169,SCANSOURCE INC.,USA,Internet & Software,EUR,23
IXD1.F,A11873,"INDITEX INH.      EO 0,03",Spain,Textiles & Clothes,EUR,23
HEN.DE,604840,HENKEL AG+CO.KGAA ST O.N.,Germany,Chemistry,EUR,23
FNTN.DE,A0Z2ZZ,FREENET AG NA O.N.,Germany,Internet & Software,EUR,23
BC1P.F,A2P7YV,BARCO N.V.,Belgien,Elektrische Geräte,EUR,23
O3P.MU,A0JML5,OESTERREICH. POST AG,Austria,Transport,EUR,23
W7L.F,A0J2WM,AEROP.DE PARIS SA INH.EO3,France,Aircraft & Space,EUR,23
EUQ.F,860642,EURAZEO SE,France,Investments & Holdings,EUR,24
PRX.SW,A2PRDK,"PROSUS NV         EO -,05",Netherlands,Internet & Software,EUR,24
EF30.F,853452,EIFFAGE,France,Construction & Construction Materials,EUR,24
DTG.DE,DTR0CK,DAIMLER TRUCK HLDG JGE NA,Germany,Vehicles,EUR,24
FME.DE,578580,FRESEN.MED.CARE AG INH ON,Germany,Healthcare & Medicine,EUR,24
0B7.F,A111WS,BOSSARD HOLDING,Switzerland,Various services,EUR,24
LU3B.F,884780,L E LUNDBERGF.B FRIA SK10,Sweden,Investments & Holdings,EUR,24
VOL4.MU,871229,VOLVO A,Sweden,Vehicles,EUR,24
JYS1.F,A0DKMP,JYSKE BANK,Denmark,Banking & Finance,EUR,24
KCO.DE,KC0100,KLOECKNER + CO SE NA O.N.,Germany,Mining & Steel,EUR,24
JGE1.F,A0YBDU,JULIUS BAER,Switzerland,Banking & Finance,EUR,24
TLS.F,938475,TELIA COMPANY,Sweden,Telecommunications,EUR,24
TGE1.F,A14R33,MOBILEZONE HOLDING AG,Switzerland,Telecommunications,EUR,24
DCS0.F,578972,JCDECAUX SE,France,Various services,EUR,24
3P7.DE,A1C6JV,PANDORA,Denmark,Various commercial firms,EUR,24
AOO.F,A0LCUN,AEDIFICA S.A.,Belgien,Real Estate,EUR,25
NDX1.DE,A0D655,NORDEX SE O.N.,Germany,Energy & Water,EUR,25
TEN.F,922557,TECAN GROUP,Switzerland,Others,EUR,25
HRZA.F,A0J2R3,HUSQVARNA,Sweden,Construction & Construction Materials,EUR,25
1COV.F,606214,COVESTRO AG  O.N.,Germany,Others,EUR,25
ENI.DE,897791,ENI S.P.A.,Italy,Energy & Water,EUR,25
BMW.DE,519000,BAY.MOTOREN WERKE AG ST,Germany,Vehicles,EUR,25
AFT.F,903016,ABERCROMBIE,USA,Department stores & Retail,EUR,25
TA1.F,588811,TELEKOM AUSTRIA AG,Austria,Telecommunications,EUR,25
EVN.F,878279,EVN AG,Austria,Energy & Water,EUR,25
KR8.F,907324,Komax Holding,Switzerland,Elektrische Geräte,EUR,25
ARW.F,855225,ARROW ELECTRONICS INC.,USA,Internet & Software,EUR,26
KU1.F,854118,KULICKE + SOFFA IND.,USA,Machinery & Equipment,EUR,26
AG1.DE,A2LQ88,AUTO1 GROUP SE  INH O.N.,Germany,Internet & Software,EUR,26
HS1.F,870932,HEALTHCARE SERVICES GROUP INC.,USA,Healthcare & Medicine,EUR,26
LC1.SG,858141,LANCASTER COLONY CORP.,USA,Consumer goods Diverse,EUR,26
HEI.DE,604700,Heidelberg Materials,Germany,Construction & Construction Materials,EUR,26
MOV.F,A1W66W,MONCLER S.P.A.,Italy,Textiles & Clothes,EUR,26
AIR.DE,938914,Airbus SE,Netherlands,Aircraft & Space,EUR,26
FO4N.F,A1J1DR,AGEAS SA/NV,Belgien,Banking & Finance,EUR,26
M1L.F,895302,MAPLE LEAF FOODS,Canada,Food,EUR,26
PLQ.DE,A2PDWL,ELEMENT SOLUTIONS INC.,USA,Chemistry,EUR,26
DTE.DE,555750,DT.TELEKOM AG NA,Germany,Telecommunications,EUR,26
NEM.DE,645290,NEMETSCHEK SE O.N.,Germany,Internet & Software,EUR,26
EMA,918088,EMERA INC.,Canada,Elektrische Geräte,EUR,27
UTDI.DE,508903,UTD.INTERNET AG NA,Germany,Investments & Holdings,EUR,27
BOSS.DE,A1PHFF,HUGO BOSS AG NA O.N.,Germany,Textiles & Clothes,EUR,27
2FB.SG,A1JE0N,FORTUNE BRANDS HOME & SECURITY,USA,Others,EUR,27
TLLB.F,873098,TRELLEBORG,Sweden,Others,EUR,27
BNR.DE,A1DAHH,BRENNTAG SE NA O.N.,Germany,Others,EUR,27
IU2.F,A0BL7F,YARA,Norway,Chemistry,EUR,27
NVJP.SG,A2H5A3,Umicore S.A.,Belgien,Others,EUR,27
BSU.SG,850517,BP PLC,Great Britain,Oil & Gas,EUR,27
VNA.DE,A1ML7J,VONOVIA SE,Germany,Real Estate,EUR,27
CW2.F,913867,CONSOLIDATED WATER CO.,Cayman Islands,Energy & Water,EUR,27
M6Q.SG,A0LBTW,METSO OUTOTEC CORP.,Finland,Others,EUR,27
FOT.F,916660,FORTUM,Finland,Oil & Gas,EUR,27
MTX.DE,A0D9PT,MTU AERO ENGINES NA O.N.,Germany,Aircraft & Space,EUR,27
IRRHF,907155,INTERROLL HOLDING AG,Switzerland,Various services,EUR,27
LY7.SG,856193,SCA B,Sweden,Forestry,EUR,27
73GN.F,A2AMAJ,TOREX GOLD RES INC.,Canada,Resources,EUR,27
BCV.F,925673,CVB FINANCIAL CORP.,USA,Banking & Finance,EUR,27
MRE.F,858925,MDU RESOURCES GROUP INC.,USA,Oil & Gas,EUR,27
IMA.F,896801,IMAX CORP.,Canada,Others,EUR,27
L5A.F,A0LCUY,CANADIAN SOLAR INC.,Canada,Others,EUR,28
AOS,868323,"SMITH CORP., A.O. REGISTERED SHARES DL 1",USA,Elektrische Geräte,EUR,28
DR3.F,A0YCBU,DOLLARAMA INC.,Canada,Department stores & Retail,EUR,28
PK5.F,A0B9GA,BASILEA PHARMACEUTICA,Switzerland,Pharma & Cosmetics,EUR,28
PZXB.F,A0M4YR,PING AN INSURANCE,China,Insurance,EUR,28
RS6.DE,892629,RELIANCE INC.,USA,Others,EUR,28
HO7.F,850875,HORMEL FOODS CORP,USA,Food,EUR,28
FRA.DE,577330,FRAPORT AG FFM.AIRPORT,Germany,Various services,EUR,28
BKMA.F,A1WZP3,BURKHALTER HOLDING,Switzerland,Elektrische Geräte,EUR,28
DR0.DE,A0XYG7,DT.ROHSTOFF AG NA O.N.,Germany,Resources,EUR,28
P911.DE,PAG911,DR.ING.H.C.F.PORSCHE VZO,Germany,Others,EUR,28
BCO,264748,"BRINKS CO., THE      DL 1",USA,Others,EUR,28
UN9.DE,928900,UNIQA INSURANCE GROUP AG,Austria,Insurance,EUR,28
DA3.F,923255,DAKTRONICS INC.,USA,Electronics & Semiconductors,EUR,28
5EA.F,A2N6BH,ELANCO ANIMAL HEALTH.,USA,Pharma & Cosmetics,EUR,29
68M.F,A1J0SW,MATSON INC.,USA,Others,EUR,29
PNE3.DE,A0JBPG,PNE AG  NA O.N.,Germany,Energy & Water,EUR,29
NKC.F,A0J328,CANFOR CORP.,Canada,Forestry,EUR,29
OTX.F,899027,OPEN TEXT CORP.,Canada,Internet & Software,EUR,29
SB7.F,909497,SAPUTO INC.,Canada,Food,EUR,29
2KD.SG,A1H6GK,KINDER MORGAN,USA,Oil & Gas,EUR,29
OCKA.F,A0DPL4,HUDBAY MINERALS INC.,Canada,Others,EUR,29
8A0.F,A1XEYC,A10 NETWORKS INC.,USA,Computer & Network,EUR,29
GNBN.F,632296,ST. GALLER KANTONALBANK AG,Switzerland,Banking & Finance,EUR,29
8BU.F,A1JWYK,BRUNELLO CUCINELLI,Italy,Textiles & Clothes,EUR,29
HAL.DE,853986,HALLIBURTON CO,USA,Oil & Gas,EUR,29
ZGY.F,A0H1FP,FIDELITY NATIONAL INFORMATION,USA,Banking & Finance,EUR,29
KBX.DE,KBX100,KNORR-BREMSE AG  INH O.N.,Germany,Vehicles,EUR,29
EJD.F,A0DJ0N,Endeavour Silver Corp.,Canada,Resources,EUR,29
NOU.F,876731,NISOURCE INC.,USA,Energy & Water,EUR,29
08T.F,A1C8W0,TOURMALINE OIL CORP.,Canada,Oil & Gas,EUR,29
VFP.SG,857621,VF CORP,USA,Textiles & Clothes,EUR,30
WKL.SW,A0J2R1,WOLTERS KLUWER NAM. EO-12,Netherlands,Print Media,EUR,30
SZG.DE,620200,SALZGITTER AG O.N.,Germany,Mining & Steel,EUR,30
1USB.MI,917523,US BANCORP,USA,Banking & Finance,EUR,30
TR4.DE,889826,TRACTOR SUPPLY COMPANY,USA,Department stores & Retail,EUR,30
EN3.MU,885427,ENBRIDGE INC.,Canada,Oil & Gas,EUR,30
ZSV.SG,A2DVLE,SSR MINING INC.,Canada,Resources,EUR,30
NCLHN.MX,A1KBL8,NORWEGIAN CRUISE LINE HL.,Bermudan Islands,Hospitality and Tourism,EUR,30
SNS.F,861171,SONOCO PROD. CO.,USA,Others,EUR,30
FFH.F,875029,FIFTH THIRD BANCORP,USA,Banking & Finance,EUR,30
EXM.F,920402,EXTREME NETWORKS INC.,USA,Computer & Network,EUR,30
TB5.F,882295,TRIMBLE INC.,USA,Electronics & Semiconductors,EUR,30
WHR.F,856331,WHIRLPOOL CORP,USA,Others,EUR,30
HOU.F,854566,CENTERPOINT ENERGY INC.,USA,Energy & Water,EUR,30
MKO.F,A2PBDX,CAPRI HOLDINGS LTD,Hongkong,Textiles & Clothes,EUR,30
LCR.F,A0B8S2,LAS VEGAS SANDS,USA,Others,EUR,30
1DBX.MI,A2JE48,DROPBOX INC CL. A,USA,Internet & Software,EUR,30
OLN.F,851936,OLIN CORP.,USA,Others,EUR,30
PA2.SG,876617,PAN AMER. SILVER CORP.,Canada,Resources,EUR,30
XCA.DE,982285,CREDIT AGRICOLE INH. EO 3,France,Banking & Finance,EUR,30
COZ.F,915272,COGNIZANT TECHNOLOGY SOLUTIONS,USA,Internet & Software,EUR,30
BM8.F,924801,BIOMARIN,USA,Pharma & Cosmetics,EUR,30
AV6.F,856142,AVISTA CORP.,USA,Energy & Water,EUR,30
UVV.F,859669,UNIVERSAL CORP.,USA,Alcohol & Tobacco,EUR,30
EQ6.DE,A0RFZL,EQT CORP.,USA,Oil & Gas,EUR,30
PEO.DE,852011,EXELON,USA,Energy & Water,EUR,30
CO6.SG,893807,COPART INC.,USA,Internet & Software,EUR,30
OMVI.F,874341,OMV AG,Austria,Oil & Gas,EUR,30
8SO.F,A2JPF2,SONOS INC.,USA,Consumer goods Diverse,EUR,30
CDM1.F,A0RNL2,COEUR MINING INC.,USA,Resources,EUR,30
ELO1.F,A2PA9H,ELDORADO GOLD CORP.,Canada,Resources,EUR,30
PRE1.F,A2QH9T,PRECISION DRILLING CORP.,Canada,Oil & Gas,EUR,30
CXA.F,A1CVEW,CALIX INC.,USA,Internet & Software,EUR,30
TAC,885412,TRANSALTA CORP.,Canada,Energy & Water,EUR,30
HWI.F,868056,HAWAIIAN EL. IND.,USA,Energy & Water,EUR,30
DG3.DE,A0DP2A,CELANESE CORP. (DEL.),USA,Chemistry,EUR,30
CSX,865857,CSX,USA,Transport,EUR,30
IYP.F,A2AMF1,INVESTIS HOLDING S.A.,Switzerland,Real Estate,EUR,30
9P9.F,860408,BALL CORPORATION,USA,Consumer goods Diverse,EUR,30
66T.SG,A12C5D,SCATEC SOLAR ASA,Norway,Others,EUR,30
MLU.F,926517,MANULIFE FINANCIAL CORP.,Canada,Insurance,EUR,30
43D.F,895117,DARLING INGREDIENTS INC.,USA,Environment & Recycling,EUR,30
SY1.DE,SYM999,SYMRISE AG INH. O.N.,Germany,Chemistry,EUR,30
TQI.DE,120470,TELECOM ITALIA,Italy,Telecommunications,EUR,30
BTL.F,853815,BAXTER INT INC,USA,Healthcare & Medicine,EUR,31
12F.MU,881347,FORTIS INC.,Canada,Energy & Water,EUR,31
A6W.SG,907179,ALEXANDRIA REAL EST. EQU.,USA,Banking & Finance,EUR,31
XKR.F,A0YF1W,OPENLANE INC.,USA,Internet & Software,EUR,31
0L5.DE,A2ATEK,LAMB WESTON HOLDINGS INC.,USA,Food,EUR,31
ABS2.DE,850185,PORR AG,Austria,Construction & Construction Materials,EUR,31
MPW.F,881964,MANPOWERGROUP INC.,USA,Various services,EUR,31
EKT.DE,531350,ENERGIEKONTOR O.N.,Germany,Energy & Water,EUR,31
NSZ.F,925244,NETSCOUT SYSTEMS INC.,USA,Internet & Software,EUR,31
RRTL.DE,861149,RTL GROUP,Luxembourg,Others,EUR,31
W3U.F,A0LA17,WESTERN UNION,USA,Banking & Finance,EUR,31
KEY.F,869353,KEYCORP,USA,Banking & Finance,EUR,31
CTP2.DE,157484,COMCAST,USA,Telecommunications,EUR,31
1U1.DE,554550,1+1 AG  INH O.N.,Germany,Telecommunications,EUR,31
AFG.DE,897113,AMER. EAGLE OUTFITTERS INC.,USA,Textiles & Clothes,EUR,31
0B2.DE,A2DYJN,BAWAG GROUP AG,Austria,Banking & Finance,EUR,31
LKQ1.F,254570,LKQ CORP.,USA,Vehicles,EUR,31
ENU.F,871004,STORA ENSO,Finland,Forestry,EUR,31
2GB.DE,A0HL8N,2G ENERGY AG,Germany,Others,EUR,31
IAL.F,899657,IAMGOLD CORP.,Canada,Resources,EUR,31
G1A.DE,660200,GEA Group AG,Germany,Machinery & Equipment,EUR,31
GTX.F,868891,GENTEX CORP.,USA,Vehicles,EUR,31
VBK.DE,A0JL9W,VERBIO SE INH O.N.,Germany,Oil & Gas,EUR,32
KIN2.DE,A0DM94,Kinross Gold Corp.,Canada,Resources,EUR,32
RA6.F,889684,RAYONIER INC.,USA,Forestry,EUR,32
LHA.DE,823212,LUFTHANSA AG VNA O.N.,Germany,Aircraft & Space,EUR,32
GXI.DE,A0LD6E,GERRESHEIMER AG,Germany,Healthcare & Medicine,EUR,32
DHER.DE,A2E4K4,DELIVERY HERO SE NA O.N.,Germany,Internet & Software,EUR,32
DBAN.DE,A1TNUT,DT.BETEILIG.AG   NA O.N.,Germany,Investments & Holdings,EUR,32
PS3.F,913094,AGILYSYS INC.,USA,Internet & Software,EUR,32
GXE.DE,A0EAT9,LAKEFRONT BIOTHERAPEUTICS,Belgien,Biotech & Nanotech,EUR,32
GIL.DE,587800,DMG MORI AG O.N.,Germany,Machinery & Equipment,EUR,32
WAF.DE,WAF300,SILTRONIC AG NA O.N.,Germany,Electronics & Semiconductors,EUR,32
BDT.DE,523280,BERTRANDT AG O.N.,Germany,Vehicles,EUR,32
46T.SG,867152,GPT GROUP,Australia,Banking & Finance,EUR,32
BC8.DE,515870,BECHTLE AG O.N.,Germany,Internet & Software,EUR,32
SIX3.DE,723133,SIXT SE VZO,Germany,Others,EUR,32
ZEG.MU,886455,ASTRAZENECA,Great Britain,Pharma & Cosmetics,EUR,32
US6565316055.SG,851908,NORSK HYDRO,Norway,Resources,EUR,32
NEF.SG,A0D9U6,NESTE CORP.,Finland,Oil & Gas,EUR,32
MBG.DE,710000,MERCEDES-BENZ GRP NA O.N.,Germany,Vehicles,EUR,32
AFS.F,910682,AFFILIATED MANAGERS GROUP INC.,USA,Banking & Finance,EUR,33
FIE.DE,577220,FIELMANN GROUP AG O.N.,Germany,Department stores & Retail,EUR,33
DWS.DE,DWS100,DWS GROUP GMBH+CO.KGAA ON,Germany,Banking & Finance,EUR,33
FRE.DE,578560,FRESENIUS SE & CO KGAA,Germany,Healthcare & Medicine,EUR,33
CHR.DE,923011,CHURCHILL DOWNS INC.,USA,Others,EUR,33
AAG.DE,A2DAM0,AUMANN AG  INH O.N.,Germany,Machinery & Equipment,EUR,33
BMW3.DE,519003,BAY.MOTOREN WERKE  VZO,Germany,Vehicles,EUR,33
SIX2.DE,723132,SIXT SE ST O.N.,Germany,Others,EUR,34
SOL0.F,856200,SOLVAY S.A.  A,Belgien,Chemistry,EUR,34
CRA1.HM,852147,RIO TINTO,Great Britain,Resources,EUR,34
TEG.DE,830350,TAG IMMOBILIEN AG,Germany,Real Estate,EUR,34
REI-UN.TO,902914,RIOCAN REAL ESTATE INV.,Canada,Banking & Finance,EUR,34
FV9J.F,A0MZR4,CAIXABANK,Spain,Banking & Finance,EUR,34
8L8C.F,A12DQC,LIBERTY BROADBAND C,USA,Internet & Software,EUR,34
PCG.F,851962,PG + E CORP.,USA,Energy & Water,EUR,34
SKT.F,867218,STOREBRAND,Norway,Insurance,EUR,35
3E7.F,A2JNBV,EVERGY INC.,USA,Energy & Water,EUR,35
V1SD.SG,A0JLZ0,ARKEMA,France,Chemistry,EUR,35
CUX1.F,A0YFKD,CARMILA S.A.S.,France,Real Estate,EUR,35
VOW3.DE,766403,VOLKSWAGEN AG VORZUGSAKTIEN,Germany,Vehicles,EUR,35
CBK.DE,CBK100,COMMERZBANK AG,Germany,Banking & Finance,EUR,35
T70.F,877428,TREDEGAR CORP.,USA,Various services,EUR,35
NDA.DE,676650,AURUBIS AG,Germany,Resources,EUR,35
BEI.DE,520000,BEIERSDORF AG O.N.,Germany,Pharma & Cosmetics,EUR,35
OKL0.F,864042,ORKLA,Norway,Others,EUR,36
INH.DE,620010,INDUS HOLDING AG,Germany,Investments & Holdings,EUR,36
W9C.F,A0JM27,CONSTELLATION SOFTWARE,Canada,Internet & Software,EUR,36
M07.F,A1XFCC,MSA SAFETY INC.,USA,Others,EUR,36
GXD.F,A0B7XJ,LUNDIN MINING CORP.,Canada,Resources,EUR,36
WF2.F,908658,WINTRUST FINANCIAL CORP.,USA,Banking & Finance,EUR,36
KWS.DE,707400,KWS SAAT KGAA  INH O.N.,Germany,Others,EUR,36
FNL.F,A0MVZE,FRESNILLO,Great Britain,Resources,EUR,37
OHB.DE,593612,OHB SE   O.N.,Germany,Others,EUR,37
ET7.F,880907,ESCO TECH.,USA,Electronics & Semiconductors,EUR,37
LMO.F,914076,LITHIA MOTORS INC.,USA,Department stores & Retail,EUR,37
CMS.F,855786,COMMERCIAL METALS CO.,USA,Mining & Steel,EUR,37
PFI.F,919964,PALFINGER AG,Austria,Others,EUR,37
AB2A.F,A143G0,ABN AMRO,Netherlands,Banking & Finance,EUR,37
JST.DE,JST400,JOST WERKE SE INH. O.N.,Germany,Vehicles,EUR,37
1NR.SG,A1H5MB,NORTHLAND POWER INC.,Canada,Energy & Water,EUR,37
NPWA.F,502816,SMITH&NEPHEW,Great Britain,Healthcare & Medicine,EUR,38
XGJ.F,A1C47M,GJENSIDIGE,Norway,Insurance,EUR,38
XD4.F,A0M23V,STRABAG SE,Austria,Construction & Construction Materials,EUR,38
BCY.F,850403,BARCLAYS,Great Britain,Banking & Finance,EUR,38
HLAG.DE,HLAG47,HAPAG-LLOYD AG NA O.N.,Germany,Transport,EUR,38
NGR.F,905542,NOVAGOLD RES,Canada,Resources,EUR,38
FG8.F,A0B7S6,EXTRA SPACE STORAGE INC.,USA,Real Estate,EUR,38
4J2.SG,908217,JONES LANG LASALLE INC.,USA,Real Estate,EUR,39
SBRY.L,A14UTB,"SPIE S.A.         EO 0,47",France,Various services,EUR,39
JEN.DE,A2NB60,JENOPTIK AG  NA O.N.,Germany,Electronics & Semiconductors,EUR,39
WN.TO,852885,WESTON -GEORGE-,Canada,Food,EUR,39
SGL.DE,723530,SGL CARBON SE O.N.,Germany,Chemistry,EUR,39
SWED-A.ST,895705,SWEDBANK,Sweden,Banking & Finance,EUR,39
XFB.F,A2DNYG,X-FAB SILICON FOUNDRIES,Belgien,Electronics & Semiconductors,EUR,39
AQ8.SG,813307,ACUITY BRANDS INC.,USA,Electronics & Semiconductors,EUR,39
AT0000A2XMJ4.VI,A1WYU5,TELE 2,Sweden,Telecommunications,EUR,39
EVD.DE,547030,CTS EVENTIM KGAA,Germany,Others,EUR,39
BKHT.DE,A2GSU4,BROCKHAUS TECHN. NA O.N.,Germany,Investments & Holdings,EUR,39
TKA.DE,750000,THYSSENKRUPP AG O.N.,Germany,Mining & Steel,EUR,39
EVT.DE,566480,EVOTEC SE  INH O.N.,Germany,Biotech & Nanotech,EUR,39
8RC.F,A1H5K1,ARC RES LTD,Canada,Oil & Gas,EUR,39
OWX.F,A0B8VP,YPSOMED HOLDING AG,Switzerland,Healthcare & Medicine,EUR,39
UP2.F,A2N5QE,UPWORK INC.,USA,Internet & Software,EUR,40
NC0.F,A1W048,NEWS CORP.,USA,Others,EUR,40
VLY,874148,VALLEY NATL BANCORP,USA,Banking & Finance,EUR,40
ADS.DE,A1EWWW,ADIDAS AG,Germany,Various commercial firms,EUR,40
BAK.F,A0MW33,BANKINTER,Spain,Banking & Finance,EUR,40
475250.KQ,919175,"HANCOCK WHITNEY C.DL 3,33",USA,Banking & Finance,EUR,40
GTR.F,851204,GOODYEAR TIRE RUBBER,USA,Vehicles,EUR,40
55O1.SG,A2N85M,MIDCAP FINANCIAL INVEST.,USA,Investments & Holdings,EUR,40
S9Y.F,A0EAS0,SILVERCORP METALS INC.,Canada,Resources,EUR,40
ARRY,A2QFA4,"ARRAY TECHNOLOGIES -,001",USA,Others,EUR,40
THM.F,A1T8F9,TAYLOR MORRISON HOME,USA,Real Estate,EUR,40
FWF.F,632326,FLOWERS FOODS INC.,USA,Food,EUR,40
SCY.F,A1J5UR,STRATASYS LTD,USA,Machinery & Equipment,EUR,40
ELG.DE,567710,ELMOS SEMICOND. INH O.N.,Germany,Electronics & Semiconductors,EUR,40
ZAL.DE,ZAL111,ZALANDO SE,Germany,Internet & Software,EUR,40
N0S.F,932405,NORDIC SEMICONDUCTOR,Norway,Electronics & Semiconductors,EUR,40
ANDE,920678,"ANDERSONS INC.,THE",USA,Food,EUR,40
1GIA.F,A2PKR4,FIRSTSERVICE,Canada,Real Estate,EUR,40
BOO.F,A1JWXL,BLOOMIN' BRANDS,USA,Hospitality and Tourism,EUR,40
LXS.DE,547040,LANXESS AG,Germany,Chemistry,EUR,41
BMT.DE,916018,BRIT AM TOBACCO,Great Britain,Alcohol & Tobacco,EUR,41
AQN.TO,A0YDAV,ALGONQUIN POWER + UTILIT.,Canada,Energy & Water,EUR,41
5BG.F,A0M889,B2GOLD CORP.,Canada,Resources,EUR,41
XAL.F,881381,ALTAREA S.C.A.,France,Real Estate,EUR,41
MRK.DE,659990,MERCK KGAA O.N.,Germany,Pharma & Cosmetics,EUR,41
TPE.DE,746100,PVA TEPLA AG O.N.,Germany,Others,EUR,41
PFV.DE,691660,PFEIFFER VACUUM TECH.O.N.,Germany,Others,EUR,41
0GZV.IL,889714,GETINGE B,Sweden,Healthcare & Medicine,EUR,42
CTV.F,A0JD3R,HELIX ENERGY SOLUTIONS,USA,Oil & Gas,EUR,42
P13A.F,A2PLZH,OBSIDIAN ENERGY,Canada,Oil & Gas,EUR,42
AIXA.DE,A0WMPJ,AIXTRON SE NA O.N.,Germany,Electronics & Semiconductors,EUR,42
BCPN.F,A2ATK9,BCO COM. PORT.NOM.   O.N.,Portugal,Banking & Finance,EUR,42
0MDT.IL,A3C35N,ELECTROLUX B,Sweden,Electronics & Semiconductors,EUR,42
TKH.F,852676,TIMKEN CO.,USA,Others,EUR,42
NWJ.SG,A14NE5,EVERSOURCE ENERGY,USA,Energy & Water,EUR,42
GUI.DE,851247,DIAGEO,Great Britain,Alcohol & Tobacco,EUR,42
PSRA.F,A2DGL0,CORECIVIC INC.,USA,Various services,EUR,43
STM.DE,STAB1L,STABILUS SE INH. O.N.,Germany,Others,EUR,43
ZB1.F,856942,ZIONS BANCORPORATION N.A.,USA,Banking & Finance,EUR,43
4V1.F,A0M8Y5,VGP N.V.,Belgien,Real Estate,EUR,43
RCF.DE,889287,"TELEPERFORMANCE INH.EO2,5",France,Various services,EUR,43
HOT.DE,607000,HOCHTIEF AG,Germany,Construction & Construction Materials,EUR,43
MW1A.F,905720,MATTHEWS INTERNATIONAL CORP.,USA,Others,EUR,43
62M.F,883704,METRO INC.,Canada,Various services,EUR,43
SRT3.DE,716563,SARTORIUS AG VZO O.N.,Germany,Others,EUR,43
CEZ.F,887832,CEZ,Czech Republic,Energy & Water,EUR,43
ADV.DE,510300,ADTRAN NETW.SE INH O.N.,Germany,Computer & Network,EUR,43
CVZ.F,A1C4MN,VERMILION ENERGY INC.,Canada,Oil & Gas,EUR,44
HNR1.DE,840221,HANNOVER RUECK SE NA O.N.,Germany,Insurance,EUR,44
MM3.F,882361,MERIT MED. SYS,USA,Healthcare & Medicine,EUR,44
XT1.F,850843,CTS CORP.,USA,Electronics & Semiconductors,EUR,44
GE91.F,565131,GENMAB,Denmark,Biotech & Nanotech,EUR,44
AOC.F,A0M4WU,ALUMINUM CORP. OF CHINA LTD.,China,Resources,EUR,44
LYG,871784,LLOYDS TSB,Great Britain,Banking & Finance,EUR,44
TTEB.F,870798,TIETO OYJ,Finland,Others,EUR,44
IMV.F,929096,IMMERSION CORP.,USA,Computer & Network,EUR,44
BNF.F,807435,BILLERUD AB,Sweden,Others,EUR,44
PC60.F,A0M4YQ,PETROCHINA,China,Oil & Gas,EUR,44
KRN.DE,633500,KRONES AG O.N.,Germany,Machinery & Equipment,EUR,44
5G5.F,A1XE7G,GOPRO,USA,Elektrische Geräte,EUR,45
MGC.F,882538,MGIC INVESTMENT CORP.,USA,Insurance,EUR,45
LPK.DE,645000,LPKF LASER+ELECTR.INH ON,Germany,Electronics & Semiconductors,EUR,45
WCH.DE,WCH888,WACKER CHEMIE        O.N.,Germany,Chemistry,EUR,45
MBB.DE,A0ETBQ,MBB SE O.N.,Germany,Others,EUR,45
DRW3.DE,555063,DRAEGERWERK VZO O.N.,Germany,Healthcare & Medicine,EUR,46
KGX.DE,KGX888,KION GROUP AG,Germany,Machinery & Equipment,EUR,46
2CP.F,A0RP0Y,CAPITAL POWER CORP.,Canada,Others,EUR,46
HHFA.DE,A0S848,HAMBURG.HAFEN LOG.A-SP NA,Germany,Various services,EUR,46
4QT1.F,A14SVU,HEXPOL,Sweden,Others,EUR,46
DEZ.DE,630500,DEUTZ AG O.N.,Germany,Machinery & Equipment,EUR,46
VH2.DE,A255F1,FR.VORWERK GRP SE INH ON,Germany,Energy & Water,EUR,46
DMP.DE,A2GS5D,DERMAPHARM HLDG INH O.N.,Germany,Pharma & Cosmetics,EUR,46
MOS.F,916424,ORANGE BELGIUM S.A.,Belgien,Telecommunications,EUR,46
TMV.DE,A2YN90,TEAMVIEWER SE  INH O.N.,Germany,Internet & Software,EUR,46
MMY.F,907462,MAXIMUS INC.,USA,Healthcare & Medicine,EUR,47
VODJ.F,A1XA83,VODAFONE,Great Britain,Telecommunications,EUR,47
8TRA.DE,TRAT0N,TRATON SE   INH O.N.,Germany,Vehicles,EUR,47
B6E.F,A0LA5K,SWEDISH ORPHAN BIOVITRUM,Sweden,Biotech & Nanotech,EUR,47
AGE.F,920872,AGFA-GEVAERT N.V.,Belgien,Others,EUR,47
IXX.DE,575980,INIT INNOVATION O.N.,Germany,Internet & Software,EUR,47
DL7A.F,861569,DILLARDS INC.,USA,Department stores & Retail,EUR,47
2PI.MU,A2DX1M,PIRELLI + C.,Italy,Vehicles,EUR,48
VOW.DE,766400,VOLKSWAGEN AG ST O.N.,Germany,Vehicles,EUR,48
PKTM.F,A2JKHY,BAJAJ MOBILITY AG,Austria,Vehicles,EUR,48
7EX.F,A1JBLZ,ENERFLEX LTD,Canada,Others,EUR,48
2CK.F,A14QAZ,CK HUTCHISON HOLDINGS LTD,Hongkong,Real Estate,EUR,48
CCL-B.TO,869653,CCL IND. INC. CL.-B-,Canada,Others,EUR,48
ME1.F,A2ACT1,BANCA MEDIOLANUM S.P.A.,Italy,Banking & Finance,EUR,48
MUM.DE,658080,MENSCH UND MASCH.O.N.,Germany,Internet & Software,EUR,49
S92.DE,A0DJ6J,SMA SOLAR TECHNOL.AG,Germany,Others,EUR,49
PAH3.DE,PAH003,PORSCHE AUTOM.HLDG VZO,Germany,Investments & Holdings,EUR,49
DOQ.F,915210,DO + CO AG,Austria,Hospitality and Tourism,EUR,49
DL8.F,860049,DELUXE CORP.,USA,Various commercial firms,EUR,49
M3P.F,A0ETK5,MEDICAL PROPERTIES TR.,USA,Banking & Finance,EUR,49
DHR.F,A0CATC,B + G FOODS INC. (NEW),USA,Food,EUR,49
IPJ1.F,A0ET41,WEBUILD S.P.A.,Italy,Construction & Construction Materials,EUR,49
SHR2.F,A0JEHV,SCHINDLER,Switzerland,Machinery & Equipment,EUR,49
IUQ.F,A0LFYS,DENISON MINES CORP.,Canada,Resources,EUR,49
FHI,914304,FEDERATED HERMES,USA,Banking & Finance,EUR,50
QNC1.F,A0YGEJ,BONTERRA ENERGY CORP.,Canada,Oil & Gas,EUR,50
KEM.F,893079,KEMIRA,Finland,Chemistry,EUR,50
8341.T,853155,"MAUREL ET PROM INH.EO-,77",France,Oil & Gas,EUR,50
MYD.F,897518,MYRIAD GENETICS INC.,USA,Biotech & Nanotech,EUR,50
MYM.F,890447,MAYR-MELNHOF KARTON,Austria,Forestry,EUR,50
ZS3.F,A116MH,FINECO,Italy,Banking & Finance,EUR,50
AA9.F,577335,ALFA LAVAL,Sweden,Machinery & Equipment,EUR,50
BHC.NE,A2JQ1X,BAUSCH HEALTH COS.,Canada,Pharma & Cosmetics,EUR,50
0ML0.IL,A0QZ4X,"SONAE-SGPS, S.A. NA. EO 1",Portugal,Investments & Holdings,EUR,50
BOP.F,875558,"BOLLORE INH.      EO 0,16",France,Others,EUR,50
SLL.SG,907391,SCHOELLER-BLECKMANN OILF.,Austria,Mining & Steel,EUR,50
CP5.F,909471,CHILDREN'S PLACE INC.,USA,Textiles & Clothes,EUR,50
HBH.DE,608340,HORNBACH HOLD.ST O.N.,Germany,Department stores & Retail,EUR,50
0Q3.DE,A2N7XQ,BEYOND MEAT INC.,USA,Food,EUR,50
ND3.F,906169,NORTHERN DYNASTY MINLS,Canada,Resources,EUR,50
PXK.F,A1H5LQ,PEYTO EXPL.+DEVEL.CORP.,Canada,Oil & Gas,EUR,50
DUE.DE,556520,DUERR AG O.N.,Germany,Machinery & Equipment,EUR,50
AZ2.DE,632305,ANDRITZ AG,Austria,Machinery & Equipment,EUR,50
HAG.DE,HAG000,HENSOLDT AG INH O.N.,Germany,Electronics & Semiconductors,EUR,50
EJXB.F,896279,ELEKTA,Sweden,Healthcare & Medicine,EUR,50
LEG.DE,LEG111,LEG IMMOBILIEN SE NA O.N.,Germany,Real Estate,EUR,50
CEC.DE,725750,CECONOMY AG  INH O.N.,Germany,Investments & Holdings,EUR,50
JUN3.DE,621993,JUNGHEINRICH AG O.N.VZO,Germany,Vehicles,EUR,50
NA9.DE,A3H220,NAGARRO SE  NA O.N.,Germany,Internet & Software,EUR,50
ACT.DE,A2YNT3,ALZCHEM GROUP AG INH O.N.,Germany,Chemistry,EUR,50
HABA.DE,A3H233,HAMBORNER REIT AG NA O.N.,Germany,Investments & Holdings,EUR,50
SBW.F,851177,SAPPORO HOLDING,Japan,Alcohol & Tobacco,EUR,50
SDF.DE,KSAG88,K+S AG NA O.N.,Germany,Chemistry,EUR,50
LSU2.SG,A2DW9E,LAND SECURITIES GROUP PLC,Great Britain,Real Estate,EUR,50
EP3.F,881351,ORASURE TECHNOLOGIES INC.,USA,Healthcare & Medicine,EUR,50
KGHA.F,908063,KGHM POLSKA,Polen,Others,EUR,50
FTK.DE,FTG111,FLATEXDEGIRO SE NA O.N.,Germany,Banking & Finance,EUR,50
BSL.DE,510200,BASLER AG O.N.,Germany,Electronics & Semiconductors,EUR,50
GLJ.DE,A161N3,GRENKE AG NA O.N.,Germany,Internet & Software,EUR,50
MLP.DE,656990,MLP SE  INH. O.N.,Germany,Banking & Finance,EUR,50
MRI.F,579779,MTR CORPORATION LTD.,Hongkong,Transport,EUR,50
RRU.F,A1H81L,ROLLS ROYCE,Great Britain,Aircraft & Space,EUR,50
I5U.F,A0RNQW,INTACT FINANCIAL CORP.,Canada,Banking & Finance,EUR,50
COK.DE,541910,CANCOM SE O.N.,Germany,Internet & Software,EUR,50
GWS.F,871177,GREAT-WEST LIFECO INC.,Canada,Insurance,EUR,50
AQ3.F,A1C08S,ALTAGAS LTD,Canada,Energy & Water,EUR,50
KY7.SG,A0B97B,AKASTOR,Norway,Oil & Gas,EUR,50
SHL.DE,SHL100,SIEMENS HEALTH.AG NA O.N.,Germany,Healthcare & Medicine,EUR,50
NOEJ.DE,A1H8BV,NORMA GROUP SE NA O.N.,Germany,Others,EUR,50
RDC.SW,A2AR94,REDCARE PHARMACY INH.,Netherlands,Others,EUR,50
DWNI.DE,A0HN5C,DEUTSCHE WOHNEN SE INH,Germany,Real Estate,EUR,50
PCZ.DE,622340,PROCREDIT HLDG AG NA EO 5,Germany,Banking & Finance,EUR,50
EFC1.SG,A1C7HA,COLRUYT,Belgien,Department stores & Retail,EUR,50
HGUA.F,A0MV9C,HUBER + SUHNER AG,Switzerland,Various services,EUR,50
DEF.DE,A13SUL,DEFAMA AG,Germany,Real Estate,EUR,50
M12.DE,A0STSQ,M1 KLINIKEN AG  O.N.,Germany,Healthcare & Medicine,EUR,50
NF4.F,A1MME7,NETFONDS AG  VNA O.N.,Germany,Banking & Finance,EUR,50
G24.DE,A12DM8,SCOUT24 SE NA O.N.,Germany,Internet & Software,EUR,50
SAX.DE,749399,STROEER SE + CO. KGAA,Germany,Others,EUR,50
BVB.DE,549309,BORUSSIA DORTMUND,Germany,Others,EUR,50
SCE.DE,515623,SCHWEIZER ELECTR. NA O.N.,Germany,Electronics & Semiconductors,EUR,50
TWZ.F,812693,TRICAN WELL SERVICE,Canada,Oil & Gas,EUR,50
C6T.F,A0M4XF,CHINA CONSTRUCTION BANK,China,Banking & Finance,EUR,50
LS4C.DE,A0JEJF,LONDON STOCK EX,Great Britain,Banking & Finance,EUR,50
BOA.F,868943,"BANK OF EAST ASIA LTD., THE",Hongkong,Banking & Finance,EUR,50
GFT.DE,580060,GFT Technologies SE,Germany,Internet & Software,EUR,50
ZIL2.DE,785602,ELRINGKLINGER AG NA O.N.,Germany,Investments & Holdings,EUR,50
MUX.DE,A2NB65,MUTARES KGAA  NA O.N.,Germany,Banking & Finance,EUR,50
KSB.DE,629200,KSB SE+CO.KGAA  ST O.N.,Germany,Machinery & Equipment,EUR,50
HRPK.DE,A11QW6,7C SOLARPARKEN AG  O.N.,Germany,Others,EUR,50
IOB.F,914998,ION BEAM APPLICATIONS SA,Belgien,Others,EUR,50
8IF1.F,A1120R,INTERFOR CORP.,Canada,Forestry,EUR,50
ITB.F,903000,IMPERIAL BRANDS PLC,Great Britain,Alcohol & Tobacco,EUR,50
DRW8.DE,555060,DRAEGERWERK ST.A.O.N.,Germany,Healthcare & Medicine,EUR,50
MBK.DE,814820,MERKUR PRIV.BK INH O.N.,Germany,Banking & Finance,EUR,50
ST5.DE,A0LR93,STEICO SE,Germany,Construction & Construction Materials,EUR,50
IGQ5.F,A0MU9Q,3I GROUP,Great Britain,Banking & Finance,EUR,50
HBC1.DE,923893,HSBC HOLDINGS,Great Britain,Banking & Finance,EUR,50
KSB3.DE,629203,KSB SE+CO.KGAA VZO O.N.,Germany,Machinery & Equipment,EUR,50
BWB.DE,508810,BAADER BANK AG,Germany,Banking & Finance,EUR,50
ILM1.DE,A1MMCC,MEDIOS AG  O.N.,Germany,Pharma & Cosmetics,EUR,50
SUY1.SG,A0B6G0,SAINSBURY (J),Great Britain,Department stores & Retail,EUR,50
DEQ.DE,748020,DEUTSCHE EUROSHOP NA O.N.,Germany,Real Estate,EUR,50
ADE.DE,A1TNV9,BITCOIN GROUP SE  O.N.,Germany,Investments & Holdings,EUR,50
BIJ.DE,522950,BIJOU BRIGITTE O.N.,Germany,Textiles & Clothes,EUR,50
CG5.F,939156,COMMUNITY HEALTH SYSTEMS,USA,Healthcare & Medicine,EUR,50
I5G.F,A0EARV,IG GROUP HOLDINGS PLC,Great Britain,Banking & Finance,EUR,50
